NewsOutletCountry,Theme,ActionCountry,Actor,avg(Tone)
CH,PMESII-PT-Economic ,CH,CHN,1.8517940688530719
CH,PMESII-PT-Economic ,CH,RUS,1.0939500125825743
CH,PMESII-PT-Economic ,CH,USA,-0.2533823560377112
CH,PMESII-PT-Economic ,ID,CHN,2.467393283721279
CH,PMESII-PT-Economic ,ID,RUS,-0.18974371254444122
CH,PMESII-PT-Economic ,ID,USA,-0.376074415165931
CH,PMESII-PT-Economic ,JA,CHN,-0.7505299977732427
CH,PMESII-PT-Economic ,JA,RUS,-2.8593228328973055
CH,PMESII-PT-Economic ,JA,USA,-0.9461814897327587
CH,PMESII-PT-Economic ,MY,CHN,2.821443682664061
CH,PMESII-PT-Economic ,MY,RUS,1.347376599907875
CH,PMESII-PT-Economic ,MY,USA,-1.326535802334547
CH,PMESII-PT-Economic ,RP,CHN,-3.2411666550170417
CH,PMESII-PT-Economic ,RP,USA,-2.0392558177626587
CH,PMESII-PT-Economic ,SN,CHN,2.592810821126808
CH,PMESII-PT-Economic ,SN,RUS,3.1404136419296265
CH,PMESII-PT-Economic ,SN,USA,0.30471269837741194
CH,PMESII-PT-Economic ,TW,CHN,-0.04536146239994408
CH,PMESII-PT-Economic ,TW,RUS,-5.366118431091309
CH,PMESII-PT-Economic ,TW,USA,-1.200981101451012
CH,PMESII-PT-Economic ,VM,CHN,2.468672448557984
CH,PMESII-PT-Economic ,VM,RUS,3.966575970252355
CH,PMESII-PT-Economic ,VM,USA,0.896407221754392
CH,PMESII-PT-Information ,CH,CHN,1.0876115658899275
CH,PMESII-PT-Information ,CH,RUS,1.9215330648861948
CH,PMESII-PT-Information ,CH,USA,-1.2017967863932884
CH,PMESII-PT-Information ,ID,CHN,2.227493261163299
CH,PMESII-PT-Information ,ID,USA,-0.2259517709414164
CH,PMESII-PT-Information ,JA,CHN,-1.3560826845888823
CH,PMESII-PT-Information ,JA,RUS,-2.7616998106241226
CH,PMESII-PT-Information ,JA,USA,-2.2110839440590806
CH,PMESII-PT-Information ,MY,CHN,2.6847861664635793
CH,PMESII-PT-Information ,MY,USA,-0.27280052683570166
CH,PMESII-PT-Information ,RP,CHN,-3.3889221653573274
CH,PMESII-PT-Information ,RP,RUS,-1.6534391641616821
CH,PMESII-PT-Information ,RP,USA,-2.7345954852385654
CH,PMESII-PT-Information ,SN,CHN,1.1183696137741208
CH,PMESII-PT-Information ,SN,USA,0.0825317973891894
CH,PMESII-PT-Information ,TW,CHN,-1.2637014615605449
CH,PMESII-PT-Information ,TW,USA,-1.939074912043505
CH,PMESII-PT-Information ,VM,CHN,1.7566688166096294
CH,PMESII-PT-Information ,VM,RUS,0.7718088924884796
CH,PMESII-PT-Information ,VM,USA,1.25
CH,PMESII-PT-Infrastructure,CH,CHN,1.212600098164899
CH,PMESII-PT-Infrastructure,CH,RUS,1.0325268508396417
CH,PMESII-PT-Infrastructure,CH,USA,-0.6342854218590266
CH,PMESII-PT-Infrastructure,ID,CHN,2.5422884347763928
CH,PMESII-PT-Infrastructure,ID,USA,-1.029659868258497
CH,PMESII-PT-Infrastructure,JA,CHN,-1.6026408791620275
CH,PMESII-PT-Infrastructure,JA,RUS,-1.7947079452375572
CH,PMESII-PT-Infrastructure,JA,USA,-1.900049021622787
CH,PMESII-PT-Infrastructure,MY,CHN,3.503311926841736
CH,PMESII-PT-Infrastructure,MY,RUS,-4.682274341583252
CH,PMESII-PT-Infrastructure,MY,USA,-1.7340270855597086
CH,PMESII-PT-Infrastructure,RP,CHN,-3.502923879669165
CH,PMESII-PT-Infrastructure,RP,RUS,-2.070500671863556
CH,PMESII-PT-Infrastructure,RP,USA,-2.8868811846519193
CH,PMESII-PT-Infrastructure,SN,CHN,1.8136901131698064
CH,PMESII-PT-Infrastructure,SN,RUS,-2.8446390628814697
CH,PMESII-PT-Infrastructure,SN,USA,-0.5482050726811091
CH,PMESII-PT-Infrastructure,TW,CHN,-1.7051848254209974
CH,PMESII-PT-Infrastructure,TW,RUS,-2.8450746536254883
CH,PMESII-PT-Infrastructure,TW,USA,-2.0459727728334456
CH,PMESII-PT-Infrastructure,VM,CHN,1.3316080456233432
CH,PMESII-PT-Infrastructure,VM,RUS,0.2766996771097183
CH,PMESII-PT-Infrastructure,VM,USA,-0.9769170920054118
CH,PMESII-PT-Military ,CH,CHN,-0.2776519750549196
CH,PMESII-PT-Military ,CH,RUS,-1.2246714928096833
CH,PMESII-PT-Military ,CH,USA,-1.703871703012136
CH,PMESII-PT-Military ,ID,CHN,0.33988407283437017
CH,PMESII-PT-Military ,ID,RUS,0.5084364073617118
CH,PMESII-PT-Military ,ID,USA,-1.5129538039366404
CH,PMESII-PT-Military ,JA,CHN,-2.7734934503495383
CH,PMESII-PT-Military ,JA,RUS,-2.1679633061091104
CH,PMESII-PT-Military ,JA,USA,-1.765894418574394
CH,PMESII-PT-Military ,MY,CHN,0.5188552676414957
CH,PMESII-PT-Military ,MY,RUS,-1.496479606628418
CH,PMESII-PT-Military ,MY,USA,-2.715559644358499
CH,PMESII-PT-Military ,RP,CHN,-3.4724490938331924
CH,PMESII-PT-Military ,RP,RUS,-2.0483835637569427
CH,PMESII-PT-Military ,RP,USA,-2.046919372495053
CH,PMESII-PT-Military ,SN,CHN,0.7740566975930158
CH,PMESII-PT-Military ,SN,RUS,0.3676497574363436
CH,PMESII-PT-Military ,SN,USA,-0.5679721131920814
CH,PMESII-PT-Military ,TW,CHN,-2.173227254696416
CH,PMESII-PT-Military ,TW,RUS,-1.2643676595762372
CH,PMESII-PT-Military ,TW,USA,-1.781547308654829
CH,PMESII-PT-Military ,VM,CHN,1.5918213726885349
CH,PMESII-PT-Military ,VM,RUS,-0.5647690445184708
CH,PMESII-PT-Military ,VM,USA,-2.793669859568278
CH,PMESII-PT-Not Assigned,CH,CHN,1.0568391137217592
CH,PMESII-PT-Not Assigned,CH,RUS,-0.5530831203108928
CH,PMESII-PT-Not Assigned,CH,USA,-0.38254434341064825
CH,PMESII-PT-Not Assigned,ID,CHN,1.4718474474820225
CH,PMESII-PT-Not Assigned,ID,RUS,0.4354136288166046
CH,PMESII-PT-Not Assigned,ID,USA,-2.7998152375221252
CH,PMESII-PT-Not Assigned,JA,CHN,-3.394291068194434
CH,PMESII-PT-Not Assigned,JA,USA,-1.5742352594222342
CH,PMESII-PT-Not Assigned,MY,CHN,0.15316281914711
CH,PMESII-PT-Not Assigned,MY,USA,-0.9749043822288513
CH,PMESII-PT-Not Assigned,RP,CHN,-2.744328593167494
CH,PMESII-PT-Not Assigned,RP,RUS,-3.076923131942749
CH,PMESII-PT-Not Assigned,RP,USA,-2.8758731476134725
CH,PMESII-PT-Not Assigned,SN,CHN,2.1303810477256775
CH,PMESII-PT-Not Assigned,SN,USA,-4.026167535781861
CH,PMESII-PT-Not Assigned,TW,CHN,-2.3757077174240284
CH,PMESII-PT-Not Assigned,TW,RUS,-3.5580525398254395
CH,PMESII-PT-Not Assigned,TW,USA,-2.2998782520492873
CH,PMESII-PT-Not Assigned,VM,CHN,3.016258716583252
CH,PMESII-PT-Not Assigned,VM,USA,-7.584385236104329
CH,PMESII-PT-Physical Environment ,CH,CHN,1.3348652700411185
CH,PMESII-PT-Physical Environment ,CH,RUS,1.900585363587062
CH,PMESII-PT-Physical Environment ,CH,USA,-0.3052595338543704
CH,PMESII-PT-Physical Environment ,ID,CHN,2.134103607683055
CH,PMESII-PT-Physical Environment ,ID,RUS,-0.06324790418148041
CH,PMESII-PT-Physical Environment ,ID,USA,-1.5576360919512808
CH,PMESII-PT-Physical Environment ,JA,CHN,-0.9765010668211672
CH,PMESII-PT-Physical Environment ,JA,RUS,-2.1034210863567533
CH,PMESII-PT-Physical Environment ,JA,USA,-1.4513247209290663
CH,PMESII-PT-Physical Environment ,MY,CHN,2.740512994161019
CH,PMESII-PT-Physical Environment ,MY,RUS,-0.9434194266796112
CH,PMESII-PT-Physical Environment ,MY,USA,-0.7906912267208099
CH,PMESII-PT-Physical Environment ,RP,CHN,-3.151042002808358
CH,PMESII-PT-Physical Environment ,RP,RUS,-2.4875621795654297
CH,PMESII-PT-Physical Environment ,RP,USA,-2.395750360373976
CH,PMESII-PT-Physical Environment ,SN,CHN,1.3678557901684918
CH,PMESII-PT-Physical Environment ,SN,USA,0.9099201691150666
CH,PMESII-PT-Physical Environment ,TW,CHN,-1.5516653043003037
CH,PMESII-PT-Physical Environment ,TW,RUS,-0.8046715054661036
CH,PMESII-PT-Physical Environment ,TW,USA,-1.3645201150576274
CH,PMESII-PT-Physical Environment ,VM,CHN,0.16481158569721238
CH,PMESII-PT-Physical Environment ,VM,RUS,-1.6699451684951783
CH,PMESII-PT-Physical Environment ,VM,USA,-1.4939035566953511
CH,PMESII-PT-Political,CH,CHN,1.4949282763933132
CH,PMESII-PT-Political,CH,RUS,1.6729844671078968
CH,PMESII-PT-Political,CH,USA,-0.7177326776480633
CH,PMESII-PT-Political,ID,CHN,3.4532081693460377
CH,PMESII-PT-Political,ID,RUS,0.23867539384148337
CH,PMESII-PT-Political,ID,USA,-0.9302385586003462
CH,PMESII-PT-Political,JA,CHN,-0.5502568701684694
CH,PMESII-PT-Political,JA,RUS,-2.517528774216771
CH,PMESII-PT-Political,JA,USA,-1.3336982131782462
CH,PMESII-PT-Political,MY,CHN,3.499720929400941
CH,PMESII-PT-Political,MY,RUS,-0.024504741032918293
CH,PMESII-PT-Political,MY,USA,-1.0710136782615742
CH,PMESII-PT-Political,RP,CHN,-3.1850051162905344
CH,PMESII-PT-Political,RP,USA,-2.3188253018619687
CH,PMESII-PT-Political,SN,CHN,2.5054142005102973
CH,PMESII-PT-Political,SN,RUS,0.3676497574363436
CH,PMESII-PT-Political,SN,USA,-0.38911700692691215
CH,PMESII-PT-Political,TW,CHN,-0.861403462141971
CH,PMESII-PT-Political,TW,RUS,-1.70998195707798
CH,PMESII-PT-Political,TW,USA,-1.399704446765642
CH,PMESII-PT-Political,VM,CHN,2.8956885594322066
CH,PMESII-PT-Political,VM,RUS,1.3654575198888779
CH,PMESII-PT-Political,VM,USA,-1.2864917701198941
CH,PMESII-PT-Social ,CH,CHN,1.7580623704118952
CH,PMESII-PT-Social ,CH,RUS,2.0282544042713937
CH,PMESII-PT-Social ,CH,USA,-0.2759247239725174
CH,PMESII-PT-Social ,ID,CHN,3.238417939832771
CH,PMESII-PT-Social ,ID,RUS,0.22486872293732382
CH,PMESII-PT-Social ,ID,USA,-0.39729169697353717
CH,PMESII-PT-Social ,JA,CHN,-0.7476085503524096
CH,PMESII-PT-Social ,JA,RUS,-2.5787336934229423
CH,PMESII-PT-Social ,JA,USA,-1.2988488358212635
CH,PMESII-PT-Social ,MY,CHN,3.3258383919283285
CH,PMESII-PT-Social ,MY,RUS,-0.23254351483450997
CH,PMESII-PT-Social ,MY,USA,-0.8442222803831101
CH,PMESII-PT-Social ,RP,CHN,-3.0188466185563785
CH,PMESII-PT-Social ,RP,RUS,-2.3651811480522156
CH,PMESII-PT-Social ,RP,USA,-2.2116717027965933
CH,PMESII-PT-Social ,SN,CHN,2.076558267949401
CH,PMESII-PT-Social ,SN,RUS,0.3676497574363436
CH,PMESII-PT-Social ,SN,USA,-0.12752175865613896
CH,PMESII-PT-Social ,TW,CHN,-0.9277817440949564
CH,PMESII-PT-Social ,TW,RUS,-2.432648521448885
CH,PMESII-PT-Social ,TW,USA,-1.5437683515803782
CH,PMESII-PT-Social ,VM,CHN,2.68908977179731
CH,PMESII-PT-Social ,VM,RUS,1.3001240560641656
CH,PMESII-PT-Social ,VM,USA,-0.6023739210196903
ID,PMESII-PT-Economic ,CH,CHN,0.08713099940079534
ID,PMESII-PT-Economic ,CH,RUS,-2.2525853839689405
ID,PMESII-PT-Economic ,CH,USA,-0.7843677171213286
ID,PMESII-PT-Economic ,ID,CHN,1.341737997695587
ID,PMESII-PT-Economic ,ID,RUS,0.9862364369134108
ID,PMESII-PT-Economic ,ID,USA,0.4237572434150948
ID,PMESII-PT-Economic ,JA,CHN,-0.05402611168948087
ID,PMESII-PT-Economic ,JA,RUS,-2.9782426158587136
ID,PMESII-PT-Economic ,JA,USA,-1.1128399318723536
ID,PMESII-PT-Economic ,MY,CHN,2.027869919935862
ID,PMESII-PT-Economic ,MY,RUS,3.076923131942749
ID,PMESII-PT-Economic ,MY,USA,0.6967370510101318
ID,PMESII-PT-Economic ,RP,CHN,-3.352410497665405
ID,PMESII-PT-Economic ,RP,RUS,-6.488549709320068
ID,PMESII-PT-Economic ,RP,USA,-0.5269267019771394
ID,PMESII-PT-Economic ,SN,CHN,0.7296718399112041
ID,PMESII-PT-Economic ,SN,RUS,-2.6086259682973227
ID,PMESII-PT-Economic ,SN,USA,0.5091209085214705
ID,PMESII-PT-Economic ,TW,CHN,-2.2189405691332933
ID,PMESII-PT-Economic ,TW,RUS,-3.254787266254425
ID,PMESII-PT-Economic ,TW,USA,-0.7925745730216687
ID,PMESII-PT-Economic ,VM,CHN,2.4890724974019185
ID,PMESII-PT-Economic ,VM,RUS,3.0262133280436196
ID,PMESII-PT-Economic ,VM,USA,1.4923946715536571
ID,PMESII-PT-Information ,CH,CHN,-0.921245692809072
ID,PMESII-PT-Information ,CH,RUS,-1.573363993974293
ID,PMESII-PT-Information ,CH,USA,-2.5407305845412713
ID,PMESII-PT-Information ,ID,CHN,0.44185587569423346
ID,PMESII-PT-Information ,ID,RUS,0.37621167444047476
ID,PMESII-PT-Information ,ID,USA,-0.10978233623561136
ID,PMESII-PT-Information ,JA,CHN,-0.7079341028417859
ID,PMESII-PT-Information ,JA,RUS,-3.6369290749231973
ID,PMESII-PT-Information ,JA,USA,-1.0272952643307773
ID,PMESII-PT-Information ,MY,CHN,1.470588207244873
ID,PMESII-PT-Information ,MY,USA,-2.0192080438137054
ID,PMESII-PT-Information ,RP,CHN,-3.20869175025395
ID,PMESII-PT-Information ,RP,RUS,-2.8349385261535645
ID,PMESII-PT-Information ,RP,USA,-1.2681672543287277
ID,PMESII-PT-Information ,SN,USA,-3.1082202427917056
ID,PMESII-PT-Information ,TW,CHN,-3.0793776320559636
ID,PMESII-PT-Information ,TW,RUS,-7.506702423095703
ID,PMESII-PT-Information ,TW,USA,-3.1235883931318917
ID,PMESII-PT-Information ,VM,CHN,5.105853080749512
ID,PMESII-PT-Information ,VM,RUS,-3.8628196716308594
ID,PMESII-PT-Information ,VM,USA,1.9429832299550374
ID,PMESII-PT-Infrastructure,CH,CHN,-0.5767625690770759
ID,PMESII-PT-Infrastructure,CH,RUS,-1.6434126345948739
ID,PMESII-PT-Infrastructure,CH,USA,-1.1678555927666507
ID,PMESII-PT-Infrastructure,ID,CHN,0.710564425057642
ID,PMESII-PT-Infrastructure,ID,RUS,0.2449006876059338
ID,PMESII-PT-Infrastructure,ID,USA,-0.37325797033245195
ID,PMESII-PT-Infrastructure,JA,CHN,-1.8832284697031572
ID,PMESII-PT-Infrastructure,JA,RUS,-4.024313539914463
ID,PMESII-PT-Infrastructure,JA,USA,-1.6621549931065789
ID,PMESII-PT-Infrastructure,MY,CHN,0.6787116646766662
ID,PMESII-PT-Infrastructure,MY,RUS,3.076923131942749
ID,PMESII-PT-Infrastructure,MY,USA,-0.5156033975737435
ID,PMESII-PT-Infrastructure,RP,CHN,-3.8741694643216973
ID,PMESII-PT-Infrastructure,RP,RUS,-2.3778308272361754
ID,PMESII-PT-Infrastructure,RP,USA,-2.0399863216383705
ID,PMESII-PT-Infrastructure,SN,CHN,-0.5071665048599243
ID,PMESII-PT-Infrastructure,SN,RUS,-4.275809049606323
ID,PMESII-PT-Infrastructure,SN,USA,-3.403469686546633
ID,PMESII-PT-Infrastructure,TW,CHN,-3.1251186069515016
ID,PMESII-PT-Infrastructure,TW,RUS,-0.9213059643904368
ID,PMESII-PT-Infrastructure,TW,USA,-3.086473183499442
ID,PMESII-PT-Infrastructure,VM,CHN,1.3944192161926856
ID,PMESII-PT-Infrastructure,VM,RUS,1.624112617969513
ID,PMESII-PT-Infrastructure,VM,USA,1.0426095284913715
ID,PMESII-PT-Military ,CH,CHN,-1.9124651902232441
ID,PMESII-PT-Military ,CH,RUS,-2.720176222830497
ID,PMESII-PT-Military ,CH,USA,-2.1761627140576425
ID,PMESII-PT-Military ,ID,CHN,-0.2773978668664183
ID,PMESII-PT-Military ,ID,RUS,-0.8114057020284235
ID,PMESII-PT-Military ,ID,USA,-1.2904416439377675
ID,PMESII-PT-Military ,JA,CHN,-1.1633295853590142
ID,PMESII-PT-Military ,JA,RUS,-2.6953584336957266
ID,PMESII-PT-Military ,JA,USA,-2.298016781021248
ID,PMESII-PT-Military ,MY,CHN,-0.6349206566810608
ID,PMESII-PT-Military ,MY,RUS,-0.6349206566810608
ID,PMESII-PT-Military ,MY,USA,-1.7401145994663239
ID,PMESII-PT-Military ,RP,CHN,-3.987509826490702
ID,PMESII-PT-Military ,RP,RUS,-5.561026705635919
ID,PMESII-PT-Military ,RP,USA,-2.79252982346548
ID,PMESII-PT-Military ,SN,CHN,-1.1521278619766235
ID,PMESII-PT-Military ,SN,RUS,-1.9948371171951294
ID,PMESII-PT-Military ,SN,USA,-0.08859819599560328
ID,PMESII-PT-Military ,TW,CHN,-3.2736578996479513
ID,PMESII-PT-Military ,TW,RUS,-2.1815631753868527
ID,PMESII-PT-Military ,TW,USA,-2.4926337870684536
ID,PMESII-PT-Military ,VM,CHN,1.8539016485214233
ID,PMESII-PT-Military ,VM,RUS,-1.6241332689921062
ID,PMESII-PT-Military ,VM,USA,-0.1517544620566898
ID,PMESII-PT-Not Assigned,CH,CHN,-1.4879520498478496
ID,PMESII-PT-Not Assigned,CH,RUS,-4.623438358306885
ID,PMESII-PT-Not Assigned,CH,USA,-0.18612733941811782
ID,PMESII-PT-Not Assigned,ID,CHN,0.7475128931303819
ID,PMESII-PT-Not Assigned,ID,RUS,-1.2974948918819427
ID,PMESII-PT-Not Assigned,ID,USA,-2.1407178694766666
ID,PMESII-PT-Not Assigned,JA,CHN,-3.524992356697718
ID,PMESII-PT-Not Assigned,JA,RUS,-5.373393416404724
ID,PMESII-PT-Not Assigned,JA,USA,-2.580203672250112
ID,PMESII-PT-Not Assigned,RP,CHN,-3.797683408856392
ID,PMESII-PT-Not Assigned,RP,USA,-6.854147672653198
ID,PMESII-PT-Not Assigned,SN,CHN,-2.044448137283325
ID,PMESII-PT-Not Assigned,SN,USA,-7.093080461025238
ID,PMESII-PT-Not Assigned,TW,CHN,-6.4984020590782166
ID,PMESII-PT-Not Assigned,TW,USA,-8.825014591217041
ID,PMESII-PT-Not Assigned,VM,RUS,-1.2099908420017786
ID,PMESII-PT-Not Assigned,VM,USA,2.865519106388092
ID,PMESII-PT-Physical Environment ,CH,CHN,-0.11842476658803772
ID,PMESII-PT-Physical Environment ,CH,RUS,-1.733015409715119
ID,PMESII-PT-Physical Environment ,CH,USA,-0.3793767411117406
ID,PMESII-PT-Physical Environment ,ID,CHN,1.3943351710055556
ID,PMESII-PT-Physical Environment ,ID,RUS,0.020943476717070777
ID,PMESII-PT-Physical Environment ,ID,USA,-0.9459257093280188
ID,PMESII-PT-Physical Environment ,JA,CHN,-3.3569215478805394
ID,PMESII-PT-Physical Environment ,JA,RUS,-4.467616074851581
ID,PMESII-PT-Physical Environment ,JA,USA,-1.2595074801675734
ID,PMESII-PT-Physical Environment ,MY,CHN,0.6013938983281454
ID,PMESII-PT-Physical Environment ,MY,USA,2.4655973613262177
ID,PMESII-PT-Physical Environment ,RP,CHN,-3.9886245575166286
ID,PMESII-PT-Physical Environment ,RP,RUS,-4.707210530837377
ID,PMESII-PT-Physical Environment ,RP,USA,-2.3833089396357536
ID,PMESII-PT-Physical Environment ,SN,CHN,-0.1866592557302543
ID,PMESII-PT-Physical Environment ,SN,USA,-4.3545066928863525
ID,PMESII-PT-Physical Environment ,TW,CHN,-2.5083651002847924
ID,PMESII-PT-Physical Environment ,TW,RUS,-3.942974845568339
ID,PMESII-PT-Physical Environment ,TW,USA,-2.472080663630837
ID,PMESII-PT-Physical Environment ,VM,CHN,1.9711346973975499
ID,PMESII-PT-Physical Environment ,VM,USA,0.92831651866436
ID,PMESII-PT-Political,CH,CHN,-0.4365071088796223
ID,PMESII-PT-Political,CH,RUS,-2.10624743023089
ID,PMESII-PT-Political,CH,USA,-1.265385093933118
ID,PMESII-PT-Political,ID,CHN,1.7736295327090625
ID,PMESII-PT-Political,ID,RUS,0.6804750125733611
ID,PMESII-PT-Political,ID,USA,0.17491798006287837
ID,PMESII-PT-Political,JA,CHN,-1.0754584832624956
ID,PMESII-PT-Political,JA,RUS,-3.0727560250804973
ID,PMESII-PT-Political,JA,USA,-1.587767247032995
ID,PMESII-PT-Political,MY,CHN,1.1281756982207298
ID,PMESII-PT-Political,MY,RUS,0.6023606061935425
ID,PMESII-PT-Political,MY,USA,-0.34168447147716174
ID,PMESII-PT-Political,RP,CHN,-3.922177529470487
ID,PMESII-PT-Political,RP,RUS,-5.290323847532273
ID,PMESII-PT-Political,RP,USA,-2.2116923557745443
ID,PMESII-PT-Political,SN,CHN,2.022477626800537
ID,PMESII-PT-Political,SN,RUS,-2.3387845754623413
ID,PMESII-PT-Political,SN,USA,-1.1731156607468922
ID,PMESII-PT-Political,TW,CHN,-2.382055210827411
ID,PMESII-PT-Political,TW,RUS,-1.7151495185163286
ID,PMESII-PT-Political,TW,USA,-1.733733599449133
ID,PMESII-PT-Political,VM,CHN,2.9579694189808587
ID,PMESII-PT-Political,VM,RUS,0.8020634825030962
ID,PMESII-PT-Political,VM,USA,1.4954902659291807
ID,PMESII-PT-Social ,CH,CHN,0.2726889811498014
ID,PMESII-PT-Social ,CH,RUS,-1.8013534288772421
ID,PMESII-PT-Social ,CH,USA,-1.6340195310826835
ID,PMESII-PT-Social ,ID,CHN,1.8558915211087645
ID,PMESII-PT-Social ,ID,RUS,0.5806273482921647
ID,PMESII-PT-Social ,ID,USA,-0.15121285895104794
ID,PMESII-PT-Social ,JA,CHN,-1.4632925757190638
ID,PMESII-PT-Social ,JA,RUS,-2.6923434538027595
ID,PMESII-PT-Social ,JA,USA,-1.2015476702289147
ID,PMESII-PT-Social ,MY,CHN,1.463876760005951
ID,PMESII-PT-Social ,MY,RUS,0.6023606061935425
ID,PMESII-PT-Social ,MY,USA,-0.8166090250015259
ID,PMESII-PT-Social ,RP,CHN,-3.7504010855174457
ID,PMESII-PT-Social ,RP,RUS,-5.090185593474995
ID,PMESII-PT-Social ,RP,USA,-0.9101473004557192
ID,PMESII-PT-Social ,SN,CHN,1.2460747145648514
ID,PMESII-PT-Social ,SN,RUS,-2.7901368803448148
ID,PMESII-PT-Social ,SN,USA,-1.8272837327451121
ID,PMESII-PT-Social ,TW,CHN,-3.1845388346910477
ID,PMESII-PT-Social ,TW,RUS,-2.385964583892089
ID,PMESII-PT-Social ,TW,USA,-2.385746360728235
ID,PMESII-PT-Social ,VM,CHN,3.3637218629160235
ID,PMESII-PT-Social ,VM,RUS,1.170173277457555
ID,PMESII-PT-Social ,VM,USA,1.92033061707342
JA,PMESII-PT-Economic ,CH,CHN,-1.226008507174568
JA,PMESII-PT-Economic ,CH,RUS,-2.3639932532202113
JA,PMESII-PT-Economic ,CH,USA,-1.4586652083307263
JA,PMESII-PT-Economic ,ID,CHN,-0.10442261397838593
JA,PMESII-PT-Economic ,ID,USA,0.5411891924298328
JA,PMESII-PT-Economic ,JA,CHN,-2.045036400117541
JA,PMESII-PT-Economic ,JA,RUS,-2.589419580040834
JA,PMESII-PT-Economic ,JA,USA,-0.7927090611421701
JA,PMESII-PT-Economic ,MY,CHN,1.8028037428855896
JA,PMESII-PT-Economic ,MY,USA,-1.5199867089589436
JA,PMESII-PT-Economic ,RP,CHN,-3.76815167400572
JA,PMESII-PT-Economic ,RP,USA,-0.5844997969957498
JA,PMESII-PT-Economic ,SN,CHN,0.06565866867701213
JA,PMESII-PT-Economic ,SN,USA,1.0997415570651783
JA,PMESII-PT-Economic ,TW,CHN,-2.1222504138946534
JA,PMESII-PT-Economic ,TW,USA,-0.890773226817449
JA,PMESII-PT-Economic ,VM,CHN,-1.7118367354075115
JA,PMESII-PT-Economic ,VM,RUS,0.0377998948097229
JA,PMESII-PT-Economic ,VM,USA,-1.178799533843994
JA,PMESII-PT-Information ,CH,CHN,-1.653041901687781
JA,PMESII-PT-Information ,CH,RUS,-2.0585763481530277
JA,PMESII-PT-Information ,CH,USA,-2.0322660946597657
JA,PMESII-PT-Information ,ID,CHN,1.3655172785123189
JA,PMESII-PT-Information ,ID,USA,1.8345183495964323
JA,PMESII-PT-Information ,JA,CHN,-2.996049986269913
JA,PMESII-PT-Information ,JA,RUS,-3.952895361643571
JA,PMESII-PT-Information ,JA,USA,-0.6626447287045028
JA,PMESII-PT-Information ,MY,CHN,0.2536551058292389
JA,PMESII-PT-Information ,MY,USA,0.5764979124069214
JA,PMESII-PT-Information ,RP,CHN,-3.6559713712105384
JA,PMESII-PT-Information ,RP,USA,-0.9422943294048309
JA,PMESII-PT-Information ,SN,CHN,-3.409090995788574
JA,PMESII-PT-Information ,SN,USA,3.549848031997681
JA,PMESII-PT-Information ,TW,CHN,-0.9592905822007552
JA,PMESII-PT-Information ,TW,USA,-0.3251055758446455
JA,PMESII-PT-Information ,VM,CHN,-2.7297261555989585
JA,PMESII-PT-Information ,VM,RUS,-2.874564528465271
JA,PMESII-PT-Infrastructure,CH,CHN,-1.9617477081764494
JA,PMESII-PT-Infrastructure,CH,RUS,-1.860208254793416
JA,PMESII-PT-Infrastructure,CH,USA,-1.9746294363978363
JA,PMESII-PT-Infrastructure,ID,CHN,0.7230040669441223
JA,PMESII-PT-Infrastructure,ID,USA,0.2651351997256279
JA,PMESII-PT-Infrastructure,JA,CHN,-2.620419244778653
JA,PMESII-PT-Infrastructure,JA,RUS,-2.3132946974244613
JA,PMESII-PT-Infrastructure,JA,USA,-1.8637317014939112
JA,PMESII-PT-Infrastructure,MY,CHN,-1.3475781480471294
JA,PMESII-PT-Infrastructure,MY,USA,-1.7735088765621185
JA,PMESII-PT-Infrastructure,RP,CHN,-3.9119877486812826
JA,PMESII-PT-Infrastructure,RP,USA,-2.3691786357334683
JA,PMESII-PT-Infrastructure,SN,CHN,1.5437872750418526
JA,PMESII-PT-Infrastructure,SN,USA,0.9289187490940094
JA,PMESII-PT-Infrastructure,TW,CHN,-2.0763368770187975
JA,PMESII-PT-Infrastructure,TW,USA,-1.175426776210467
JA,PMESII-PT-Infrastructure,VM,CHN,-1.8861302375793456
JA,PMESII-PT-Infrastructure,VM,RUS,1.1494252681732178
JA,PMESII-PT-Infrastructure,VM,USA,-1.1450671752293904
JA,PMESII-PT-Military ,CH,CHN,-2.7709647574073633
JA,PMESII-PT-Military ,CH,RUS,-2.0170446456624913
JA,PMESII-PT-Military ,CH,USA,-2.3021066844359868
JA,PMESII-PT-Military ,ID,CHN,-2.4768191973368325
JA,PMESII-PT-Military ,ID,RUS,0.4464285671710968
JA,PMESII-PT-Military ,ID,USA,-0.5548868536949157
JA,PMESII-PT-Military ,JA,CHN,-2.82676515984832
JA,PMESII-PT-Military ,JA,RUS,-2.8553024338207385
JA,PMESII-PT-Military ,JA,USA,-1.7636076892352002
JA,PMESII-PT-Military ,MY,CHN,-0.33557048439979553
JA,PMESII-PT-Military ,MY,RUS,-0.4524886906147003
JA,PMESII-PT-Military ,MY,USA,-4.391565839449565
JA,PMESII-PT-Military ,RP,CHN,-4.043591155900675
JA,PMESII-PT-Military ,RP,RUS,-1.2027491331100464
JA,PMESII-PT-Military ,RP,USA,-1.7424713854085316
JA,PMESII-PT-Military ,SN,CHN,-2.2040890216827393
JA,PMESII-PT-Military ,SN,USA,1.5385440289974213
JA,PMESII-PT-Military ,TW,CHN,-2.2614916093923427
JA,PMESII-PT-Military ,TW,USA,-1.7312837073748761
JA,PMESII-PT-Military ,VM,CHN,1.2814571857452393
JA,PMESII-PT-Military ,VM,RUS,-1.6693169474601746
JA,PMESII-PT-Military ,VM,USA,-11.320755004882812
JA,PMESII-PT-Not Assigned,CH,CHN,-3.1121828218007037
JA,PMESII-PT-Not Assigned,CH,RUS,-5.2493438720703125
JA,PMESII-PT-Not Assigned,CH,USA,-4.5783274583518505
JA,PMESII-PT-Not Assigned,ID,USA,-8.783783912658691
JA,PMESII-PT-Not Assigned,JA,CHN,-4.000646834572156
JA,PMESII-PT-Not Assigned,JA,RUS,-4.550272762775421
JA,PMESII-PT-Not Assigned,JA,USA,-1.9095213177303474
JA,PMESII-PT-Not Assigned,MY,USA,-4.494870662689209
JA,PMESII-PT-Not Assigned,RP,CHN,-3.9807209968566895
JA,PMESII-PT-Not Assigned,RP,USA,-3.468208074569702
JA,PMESII-PT-Not Assigned,SN,CHN,-2.8368794918060303
JA,PMESII-PT-Not Assigned,SN,USA,-4.18410062789917
JA,PMESII-PT-Not Assigned,TW,CHN,-3.7090819835662843
JA,PMESII-PT-Not Assigned,VM,CHN,-4.44444465637207
JA,PMESII-PT-Physical Environment ,CH,CHN,-2.3982507010277327
JA,PMESII-PT-Physical Environment ,CH,RUS,-2.1480118819645475
JA,PMESII-PT-Physical Environment ,CH,USA,-2.0394036280642074
JA,PMESII-PT-Physical Environment ,ID,CHN,-2.8996893564860025
JA,PMESII-PT-Physical Environment ,ID,RUS,0
JA,PMESII-PT-Physical Environment ,ID,USA,-0.3868913638095061
JA,PMESII-PT-Physical Environment ,JA,CHN,-2.3119411827260707
JA,PMESII-PT-Physical Environment ,JA,RUS,-2.366299406403587
JA,PMESII-PT-Physical Environment ,JA,USA,-0.858621891855535
JA,PMESII-PT-Physical Environment ,MY,CHN,2.419563810030619
JA,PMESII-PT-Physical Environment ,MY,USA,-4.391565839449565
JA,PMESII-PT-Physical Environment ,RP,CHN,-4.0642728725714345
JA,PMESII-PT-Physical Environment ,RP,USA,-2.434379728883505
JA,PMESII-PT-Physical Environment ,SN,CHN,-2.2789598306020102
JA,PMESII-PT-Physical Environment ,SN,USA,1.7825930714607239
JA,PMESII-PT-Physical Environment ,TW,CHN,-2.262205263763143
JA,PMESII-PT-Physical Environment ,TW,USA,-2.281726703924291
JA,PMESII-PT-Physical Environment ,VM,CHN,-1.4509002089500427
JA,PMESII-PT-Physical Environment ,VM,USA,-2.070957660675049
JA,PMESII-PT-Political,CH,CHN,-1.9683069445139094
JA,PMESII-PT-Political,CH,RUS,-1.7917132996102816
JA,PMESII-PT-Political,CH,USA,-1.7582017401558758
JA,PMESII-PT-Political,ID,CHN,-0.26987054612901473
JA,PMESII-PT-Political,ID,RUS,0.4464285671710968
JA,PMESII-PT-Political,ID,USA,-0.4975401480992635
JA,PMESII-PT-Political,JA,CHN,-2.1779027025397486
JA,PMESII-PT-Political,JA,RUS,-2.8429107594865934
JA,PMESII-PT-Political,JA,USA,-0.9294773146901524
JA,PMESII-PT-Political,MY,CHN,-1.4779145022233326
JA,PMESII-PT-Political,MY,RUS,-0.4524886906147003
JA,PMESII-PT-Political,MY,USA,-4.126897255579631
JA,PMESII-PT-Political,RP,CHN,-3.3756554703349653
JA,PMESII-PT-Political,RP,RUS,0
JA,PMESII-PT-Political,RP,USA,-1.7417857968999493
JA,PMESII-PT-Political,SN,CHN,-2.1966189866264663
JA,PMESII-PT-Political,SN,USA,0.8260386288166046
JA,PMESII-PT-Political,TW,CHN,-1.6642781367272506
JA,PMESII-PT-Political,TW,USA,-1.3268793041215223
JA,PMESII-PT-Political,VM,CHN,-1.0985398516058922
JA,PMESII-PT-Political,VM,RUS,-1.7798671483993531
JA,PMESII-PT-Political,VM,USA,-4.7154451459646225
JA,PMESII-PT-Social ,CH,CHN,-1.6815893752157656
JA,PMESII-PT-Social ,CH,RUS,-1.6132563622558818
JA,PMESII-PT-Social ,CH,USA,-1.5956009116762804
JA,PMESII-PT-Social ,ID,CHN,0.9156533241271972
JA,PMESII-PT-Social ,ID,RUS,0.5952380895614624
JA,PMESII-PT-Social ,ID,USA,-0.17011079628919734
JA,PMESII-PT-Social ,JA,CHN,-2.1706115688553793
JA,PMESII-PT-Social ,JA,RUS,-3.069493618212704
JA,PMESII-PT-Social ,JA,USA,-0.7095042659534301
JA,PMESII-PT-Social ,MY,CHN,0.6390851272477044
JA,PMESII-PT-Social ,MY,RUS,-0.4524886906147003
JA,PMESII-PT-Social ,MY,USA,-3.117643509592329
JA,PMESII-PT-Social ,RP,CHN,-3.764387342261105
JA,PMESII-PT-Social ,RP,RUS,-1.2027491331100464
JA,PMESII-PT-Social ,RP,USA,-1.5308272585272789
JA,PMESII-PT-Social ,SN,CHN,0.12729447203523972
JA,PMESII-PT-Social ,SN,USA,-0.4166393056511879
JA,PMESII-PT-Social ,TW,CHN,-2.081772041420977
JA,PMESII-PT-Social ,TW,USA,-1.7281335999568304
JA,PMESII-PT-Social ,VM,CHN,-1.1265671915478177
JA,PMESII-PT-Social ,VM,RUS,-1.7798671483993531
JA,PMESII-PT-Social ,VM,USA,-5.477759778499603
MY,PMESII-PT-Economic ,CH,CHN,0.6057178328653723
MY,PMESII-PT-Economic ,CH,RUS,-0.30071303296473717
MY,PMESII-PT-Economic ,CH,USA,-1.2949284764933076
MY,PMESII-PT-Economic ,ID,CHN,0.7139715939760208
MY,PMESII-PT-Economic ,ID,RUS,-0.9882970750331879
MY,PMESII-PT-Economic ,ID,USA,-0.5710353199870158
MY,PMESII-PT-Economic ,JA,CHN,-1.077477148600987
MY,PMESII-PT-Economic ,JA,RUS,-2.7989676793416343
MY,PMESII-PT-Economic ,JA,USA,-0.7199998238812322
MY,PMESII-PT-Economic ,MY,CHN,2.1971462385800598
MY,PMESII-PT-Economic ,MY,RUS,1.6911639709805333
MY,PMESII-PT-Economic ,MY,USA,0.02269701579442391
MY,PMESII-PT-Economic ,RP,CHN,-2.5535487757788764
MY,PMESII-PT-Economic ,RP,USA,-3.2402642275157727
MY,PMESII-PT-Economic ,SN,CHN,-0.050172239542007446
MY,PMESII-PT-Economic ,SN,RUS,-1.7870280345280964
MY,PMESII-PT-Economic ,SN,USA,0.40899210423231125
MY,PMESII-PT-Economic ,TW,CHN,-0.4033747768920401
MY,PMESII-PT-Economic ,TW,USA,-0.09007811099290848
MY,PMESII-PT-Economic ,VM,CHN,0.2607832280918956
MY,PMESII-PT-Economic ,VM,RUS,-1.9065184593200684
MY,PMESII-PT-Economic ,VM,USA,-0.47251172761122384
MY,PMESII-PT-Information ,CH,CHN,-0.4101765373381735
MY,PMESII-PT-Information ,CH,RUS,-1.2672255204783545
MY,PMESII-PT-Information ,CH,USA,-1.963146262292592
MY,PMESII-PT-Information ,ID,CHN,-1.0282322764396667
MY,PMESII-PT-Information ,ID,RUS,0.6144393086433411
MY,PMESII-PT-Information ,ID,USA,0.2791108218106357
MY,PMESII-PT-Information ,JA,CHN,-1.8890716722235084
MY,PMESII-PT-Information ,JA,RUS,-3.0131826400756836
MY,PMESII-PT-Information ,JA,USA,-0.9330946736865573
MY,PMESII-PT-Information ,MY,CHN,2.185490296424731
MY,PMESII-PT-Information ,MY,RUS,2.1701514985826282
MY,PMESII-PT-Information ,MY,USA,-0.05222033221146156
MY,PMESII-PT-Information ,RP,CHN,-3.0777559142846327
MY,PMESII-PT-Information ,RP,USA,-2.1960103869438172
MY,PMESII-PT-Information ,SN,CHN,-1.476382271448771
MY,PMESII-PT-Information ,SN,USA,-1.1025744859988873
MY,PMESII-PT-Information ,TW,CHN,0.6936560918887457
MY,PMESII-PT-Information ,TW,USA,-0.9119393944740295
MY,PMESII-PT-Information ,VM,CHN,1.3667825683951378
MY,PMESII-PT-Information ,VM,RUS,-3.4965035915374756
MY,PMESII-PT-Information ,VM,USA,-2.9521048940145054
MY,PMESII-PT-Infrastructure,CH,CHN,-0.49607176059408575
MY,PMESII-PT-Infrastructure,CH,RUS,-1.0083146675636894
MY,PMESII-PT-Infrastructure,CH,USA,-2.1100461531052557
MY,PMESII-PT-Infrastructure,ID,CHN,-1.136252984404564
MY,PMESII-PT-Infrastructure,ID,RUS,1.2428232630093892
MY,PMESII-PT-Infrastructure,ID,USA,-0.48928465366363527
MY,PMESII-PT-Infrastructure,JA,CHN,-3.2525834178223327
MY,PMESII-PT-Infrastructure,JA,RUS,-3.782775729894638
MY,PMESII-PT-Infrastructure,JA,USA,-1.0726089434491264
MY,PMESII-PT-Infrastructure,MY,CHN,1.5011945345792277
MY,PMESII-PT-Infrastructure,MY,RUS,-1.6274692918124951
MY,PMESII-PT-Infrastructure,MY,USA,-0.59472161777159
MY,PMESII-PT-Infrastructure,RP,CHN,-4.03056929765209
MY,PMESII-PT-Infrastructure,RP,RUS,-2.1276835203170776
MY,PMESII-PT-Infrastructure,RP,USA,-2.8506350124424156
MY,PMESII-PT-Infrastructure,SN,CHN,-1.7885511535055496
MY,PMESII-PT-Infrastructure,SN,RUS,-1.262080717086792
MY,PMESII-PT-Infrastructure,SN,USA,-1.4318176447822337
MY,PMESII-PT-Infrastructure,TW,CHN,-0.8487455764332333
MY,PMESII-PT-Infrastructure,TW,RUS,-0.4716981053352356
MY,PMESII-PT-Infrastructure,TW,USA,-1.8431082772357124
MY,PMESII-PT-Infrastructure,VM,CHN,0.4082840405977689
MY,PMESII-PT-Infrastructure,VM,RUS,0.8112815618515015
MY,PMESII-PT-Infrastructure,VM,USA,-2.8371562204862895
MY,PMESII-PT-Military ,CH,CHN,-2.405230543027507
MY,PMESII-PT-Military ,CH,RUS,-2.4338571644787277
MY,PMESII-PT-Military ,CH,USA,-2.651510166484605
MY,PMESII-PT-Military ,ID,CHN,-4.255709290504456
MY,PMESII-PT-Military ,ID,RUS,-0.8130814880132675
MY,PMESII-PT-Military ,ID,USA,-3.474318293424753
MY,PMESII-PT-Military ,JA,CHN,-2.114292233548266
MY,PMESII-PT-Military ,JA,RUS,-2.4983048268726895
MY,PMESII-PT-Military ,JA,USA,-2.227074073675351
MY,PMESII-PT-Military ,MY,CHN,0.09946689388509523
MY,PMESII-PT-Military ,MY,RUS,-1.8935123069866284
MY,PMESII-PT-Military ,MY,USA,-0.692272292993824
MY,PMESII-PT-Military ,RP,CHN,-4.526573056562079
MY,PMESII-PT-Military ,RP,RUS,-2.2496347427368164
MY,PMESII-PT-Military ,RP,USA,-2.5108899223177055
MY,PMESII-PT-Military ,SN,CHN,-3.6913543390600303
MY,PMESII-PT-Military ,SN,RUS,-3.2777580976486207
MY,PMESII-PT-Military ,SN,USA,-2.0564876115665984
MY,PMESII-PT-Military ,TW,CHN,-2.714711250260819
MY,PMESII-PT-Military ,TW,RUS,-0.4716981053352356
MY,PMESII-PT-Military ,TW,USA,-2.1435082677532646
MY,PMESII-PT-Military ,VM,CHN,-0.5379725213234241
MY,PMESII-PT-Military ,VM,USA,-3.5983604371547697
MY,PMESII-PT-Not Assigned,CH,CHN,-1.9769422058959174
MY,PMESII-PT-Not Assigned,CH,USA,-3.684280865797491
MY,PMESII-PT-Not Assigned,ID,CHN,-1.5597920417785645
MY,PMESII-PT-Not Assigned,ID,RUS,0.5970149040222168
MY,PMESII-PT-Not Assigned,ID,USA,-4.2918906344307794
MY,PMESII-PT-Not Assigned,JA,CHN,-4.7405426278710365
MY,PMESII-PT-Not Assigned,JA,USA,-4.905824648009406
MY,PMESII-PT-Not Assigned,MY,CHN,1.6570348086811246
MY,PMESII-PT-Not Assigned,MY,RUS,-6.212985396385193
MY,PMESII-PT-Not Assigned,MY,USA,-0.05322653707116842
MY,PMESII-PT-Not Assigned,RP,CHN,-6.469596019157996
MY,PMESII-PT-Not Assigned,RP,USA,-5.707123756408691
MY,PMESII-PT-Not Assigned,SN,CHN,-3.4625596046447753
MY,PMESII-PT-Not Assigned,SN,USA,-5.2994145154953
MY,PMESII-PT-Not Assigned,TW,CHN,-3.8475020438432694
MY,PMESII-PT-Not Assigned,TW,USA,-5.826533158620198
MY,PMESII-PT-Not Assigned,VM,CHN,-4.402506748835246
MY,PMESII-PT-Not Assigned,VM,USA,-9.627641677856445
MY,PMESII-PT-Physical Environment ,CH,CHN,-0.4679343378319445
MY,PMESII-PT-Physical Environment ,CH,RUS,-1.846618383338577
MY,PMESII-PT-Physical Environment ,CH,USA,-1.4143639343305372
MY,PMESII-PT-Physical Environment ,ID,CHN,0.3076284619478079
MY,PMESII-PT-Physical Environment ,ID,RUS,1.6814023057619731
MY,PMESII-PT-Physical Environment ,ID,USA,-2.4144883067519576
MY,PMESII-PT-Physical Environment ,JA,CHN,-1.811851611504188
MY,PMESII-PT-Physical Environment ,JA,RUS,-1.6911078929901122
MY,PMESII-PT-Physical Environment ,JA,USA,-1.4700892819091678
MY,PMESII-PT-Physical Environment ,MY,CHN,1.5022689688273452
MY,PMESII-PT-Physical Environment ,MY,RUS,-3.5026226705975003
MY,PMESII-PT-Physical Environment ,MY,USA,0.5242810738318174
MY,PMESII-PT-Physical Environment ,RP,CHN,-4.0183836413968
MY,PMESII-PT-Physical Environment ,RP,RUS,-2.18650484085083
MY,PMESII-PT-Physical Environment ,RP,USA,-3.204294023818748
MY,PMESII-PT-Physical Environment ,SN,CHN,-0.39945811927318575
MY,PMESII-PT-Physical Environment ,SN,RUS,-5.72019624710083
MY,PMESII-PT-Physical Environment ,SN,USA,-0.7779330992523361
MY,PMESII-PT-Physical Environment ,TW,CHN,-1.9480100535764926
MY,PMESII-PT-Physical Environment ,TW,USA,-2.412052341302236
MY,PMESII-PT-Physical Environment ,VM,CHN,-0.9456836753769925
MY,PMESII-PT-Physical Environment ,VM,RUS,1.9072364568710327
MY,PMESII-PT-Physical Environment ,VM,USA,2.3414681499654595
MY,PMESII-PT-Political,CH,CHN,-0.183025003490799
MY,PMESII-PT-Political,CH,RUS,-1.5297833199387993
MY,PMESII-PT-Political,CH,USA,-1.5175383140787828
MY,PMESII-PT-Political,ID,CHN,0.07253065249986118
MY,PMESII-PT-Political,ID,RUS,1.850330923284803
MY,PMESII-PT-Political,ID,USA,-1.4182544474800427
MY,PMESII-PT-Political,JA,CHN,-1.921120349882227
MY,PMESII-PT-Political,JA,RUS,-2.3931572318077086
MY,PMESII-PT-Political,JA,USA,-1.281193165938453
MY,PMESII-PT-Political,MY,CHN,2.075475103900342
MY,PMESII-PT-Political,MY,RUS,0.19813303031572482
MY,PMESII-PT-Political,MY,USA,-0.2828541045020891
MY,PMESII-PT-Political,RP,CHN,-3.7630498619640576
MY,PMESII-PT-Political,RP,RUS,-2.304147481918335
MY,PMESII-PT-Political,RP,USA,-3.0696807891130446
MY,PMESII-PT-Political,SN,CHN,-0.8094459297480406
MY,PMESII-PT-Political,SN,RUS,-0.6627007365226746
MY,PMESII-PT-Political,SN,USA,-0.2915998772998166
MY,PMESII-PT-Political,TW,CHN,-1.5146473324161835
MY,PMESII-PT-Political,TW,RUS,-0.4716981053352356
MY,PMESII-PT-Political,TW,USA,-0.871286396239255
MY,PMESII-PT-Political,VM,CHN,0.3489488392240471
MY,PMESII-PT-Political,VM,RUS,0.17690134048461914
MY,PMESII-PT-Political,VM,USA,-2.6448221197051387
MY,PMESII-PT-Social ,CH,CHN,0.26900162147714735
MY,PMESII-PT-Social ,CH,RUS,-0.47158686286554885
MY,PMESII-PT-Social ,CH,USA,-1.6116434156511374
MY,PMESII-PT-Social ,ID,CHN,-0.12752540278084137
MY,PMESII-PT-Social ,ID,RUS,0.5364340171217918
MY,PMESII-PT-Social ,ID,USA,-0.7830364238470793
MY,PMESII-PT-Social ,JA,CHN,-2.0614105677232146
MY,PMESII-PT-Social ,JA,RUS,-2.4010353565216063
MY,PMESII-PT-Social ,JA,USA,-1.5930508177469271
MY,PMESII-PT-Social ,MY,CHN,1.9641423802488585
MY,PMESII-PT-Social ,MY,RUS,0.34864456256230675
MY,PMESII-PT-Social ,MY,USA,-0.0916553789490386
MY,PMESII-PT-Social ,RP,CHN,-4.283222324406075
MY,PMESII-PT-Social ,RP,RUS,-2.23146382967631
MY,PMESII-PT-Social ,RP,USA,-3.694739555803741
MY,PMESII-PT-Social ,SN,CHN,-1.286521279811859
MY,PMESII-PT-Social ,SN,RUS,-2.5049306750297546
MY,PMESII-PT-Social ,SN,USA,-0.5417438325285912
MY,PMESII-PT-Social ,TW,CHN,-0.8851830506626563
MY,PMESII-PT-Social ,TW,RUS,-0.4716981053352356
MY,PMESII-PT-Social ,TW,USA,-1.5912411158735102
MY,PMESII-PT-Social ,VM,CHN,-0.019489565065928867
MY,PMESII-PT-Social ,VM,RUS,0.17690134048461914
MY,PMESII-PT-Social ,VM,USA,-3.638121969103813
RP,PMESII-PT-Economic ,CH,CHN,-0.16800257555226794
RP,PMESII-PT-Economic ,CH,RUS,-2.03123276270926
RP,PMESII-PT-Economic ,CH,USA,-0.695686087055358
RP,PMESII-PT-Economic ,ID,CHN,1.166872218899105
RP,PMESII-PT-Economic ,ID,RUS,-4.959384202957153
RP,PMESII-PT-Economic ,ID,USA,0.2183832327524821
RP,PMESII-PT-Economic ,JA,CHN,0.4200214684009552
RP,PMESII-PT-Economic ,JA,RUS,-0.792666420340538
RP,PMESII-PT-Economic ,JA,USA,0.8972074092730232
RP,PMESII-PT-Economic ,MY,CHN,2.6271423978301196
RP,PMESII-PT-Economic ,MY,RUS,2.1653542518615723
RP,PMESII-PT-Economic ,MY,USA,0.23002653604462034
RP,PMESII-PT-Economic ,RP,CHN,-0.594658528808893
RP,PMESII-PT-Economic ,RP,RUS,-0.544248188083822
RP,PMESII-PT-Economic ,RP,USA,1.7030175207049083
RP,PMESII-PT-Economic ,SN,CHN,2.716518374159932
RP,PMESII-PT-Economic ,SN,USA,0.6086474203545115
RP,PMESII-PT-Economic ,TW,CHN,-1.3809342961758375
RP,PMESII-PT-Economic ,TW,RUS,-2.7774691581726074
RP,PMESII-PT-Economic ,TW,USA,0.39930783631280065
RP,PMESII-PT-Economic ,VM,CHN,-1.1192229862870842
RP,PMESII-PT-Economic ,VM,RUS,-0.9458053410053253
RP,PMESII-PT-Economic ,VM,USA,-0.0414127026285444
RP,PMESII-PT-Information ,CH,CHN,-1.501391371662638
RP,PMESII-PT-Information ,CH,RUS,-1.9263613753848605
RP,PMESII-PT-Information ,CH,USA,-1.4530887485227801
RP,PMESII-PT-Information ,ID,CHN,-1.03200044631958
RP,PMESII-PT-Information ,ID,RUS,0.860832154750824
RP,PMESII-PT-Information ,ID,USA,2.4120332658290864
RP,PMESII-PT-Information ,JA,CHN,-0.8442179624523435
RP,PMESII-PT-Information ,JA,RUS,-5.284553050994873
RP,PMESII-PT-Information ,JA,USA,1.430839816591254
RP,PMESII-PT-Information ,MY,CHN,4.4301917552948
RP,PMESII-PT-Information ,MY,USA,0.6079875707626343
RP,PMESII-PT-Information ,RP,CHN,-1.502873780622856
RP,PMESII-PT-Information ,RP,RUS,2.000045359134674
RP,PMESII-PT-Information ,RP,USA,0.4610717489381041
RP,PMESII-PT-Information ,SN,CHN,2.7896162441798618
RP,PMESII-PT-Information ,SN,USA,-1.1969146941389357
RP,PMESII-PT-Information ,TW,CHN,0.16319078340459225
RP,PMESII-PT-Information ,TW,USA,-0.465748624669181
RP,PMESII-PT-Information ,VM,CHN,-2.107030510902405
RP,PMESII-PT-Information ,VM,RUS,-0.5154638886451721
RP,PMESII-PT-Information ,VM,USA,0.2783587574958801
RP,PMESII-PT-Infrastructure,CH,CHN,-1.5133589203078806
RP,PMESII-PT-Infrastructure,CH,RUS,-1.5528158858932297
RP,PMESII-PT-Infrastructure,CH,USA,-1.6409920983984645
RP,PMESII-PT-Infrastructure,ID,CHN,0.10977163513501485
RP,PMESII-PT-Infrastructure,ID,RUS,-3.1645036737124124
RP,PMESII-PT-Infrastructure,ID,USA,0.29466237471653867
RP,PMESII-PT-Infrastructure,JA,CHN,-1.571883111315615
RP,PMESII-PT-Infrastructure,JA,RUS,-3.864095997810364
RP,PMESII-PT-Infrastructure,JA,USA,0.7792820878900014
RP,PMESII-PT-Infrastructure,MY,CHN,1.1907947659492493
RP,PMESII-PT-Infrastructure,MY,RUS,-0.483091801404953
RP,PMESII-PT-Infrastructure,MY,USA,-0.10188686983151869
RP,PMESII-PT-Infrastructure,RP,CHN,-1.8770753794154755
RP,PMESII-PT-Infrastructure,RP,RUS,0.05841888652907477
RP,PMESII-PT-Infrastructure,RP,USA,0.11380726885210517
RP,PMESII-PT-Infrastructure,SN,CHN,1.1302729547023773
RP,PMESII-PT-Infrastructure,SN,USA,0.6306221282907895
RP,PMESII-PT-Infrastructure,TW,CHN,-0.38124608011408284
RP,PMESII-PT-Infrastructure,TW,RUS,-1.9777655363082887
RP,PMESII-PT-Infrastructure,TW,USA,-0.5208654340469476
RP,PMESII-PT-Infrastructure,VM,CHN,-1.4151068346840994
RP,PMESII-PT-Infrastructure,VM,RUS,1.0865736603736877
RP,PMESII-PT-Infrastructure,VM,USA,-1.4323732733726502
RP,PMESII-PT-Military ,CH,CHN,-2.5693212050253127
RP,PMESII-PT-Military ,CH,RUS,-2.778238267987035
RP,PMESII-PT-Military ,CH,USA,-1.9900949100282654
RP,PMESII-PT-Military ,ID,CHN,-2.4657178842104397
RP,PMESII-PT-Military ,ID,RUS,-2.4176047444343567
RP,PMESII-PT-Military ,ID,USA,-0.1403654416402181
RP,PMESII-PT-Military ,JA,CHN,-1.6871325451303536
RP,PMESII-PT-Military ,JA,RUS,-1.9974075609987432
RP,PMESII-PT-Military ,JA,USA,-0.39913201941190846
RP,PMESII-PT-Military ,MY,CHN,-1.848827247108732
RP,PMESII-PT-Military ,MY,RUS,-2.3443496078252792
RP,PMESII-PT-Military ,MY,USA,-3.0215058497020175
RP,PMESII-PT-Military ,RP,CHN,-2.6346722856300686
RP,PMESII-PT-Military ,RP,RUS,-0.7935040687972849
RP,PMESII-PT-Military ,RP,USA,-0.5334085537299686
RP,PMESII-PT-Military ,SN,CHN,-1.2478483180205027
RP,PMESII-PT-Military ,SN,RUS,-2.252420425415039
RP,PMESII-PT-Military ,SN,USA,-0.797808068494002
RP,PMESII-PT-Military ,TW,CHN,-2.3133647746777948
RP,PMESII-PT-Military ,TW,RUS,-1.9777655363082887
RP,PMESII-PT-Military ,TW,USA,-1.4368876780288806
RP,PMESII-PT-Military ,VM,CHN,-2.9499600805618145
RP,PMESII-PT-Military ,VM,RUS,-1.4985001683235168
RP,PMESII-PT-Military ,VM,USA,-1.895270550251007
RP,PMESII-PT-Not Assigned,CH,CHN,-0.7807968057042688
RP,PMESII-PT-Not Assigned,CH,RUS,-4.214559555053711
RP,PMESII-PT-Not Assigned,CH,USA,-1.0496431117256482
RP,PMESII-PT-Not Assigned,ID,RUS,-11.39240550994873
RP,PMESII-PT-Not Assigned,ID,USA,-3.1855671107769012
RP,PMESII-PT-Not Assigned,JA,CHN,-3.3683236891573127
RP,PMESII-PT-Not Assigned,JA,USA,-0.7727231133510085
RP,PMESII-PT-Not Assigned,MY,CHN,5.437037229537964
RP,PMESII-PT-Not Assigned,MY,USA,-0.007335484027862549
RP,PMESII-PT-Not Assigned,RP,CHN,-2.0070016149633614
RP,PMESII-PT-Not Assigned,RP,RUS,-0.5652079880237579
RP,PMESII-PT-Not Assigned,RP,USA,0.6627184643513626
RP,PMESII-PT-Not Assigned,SN,CHN,1.3817437291145325
RP,PMESII-PT-Not Assigned,SN,USA,-1.070094857364893
RP,PMESII-PT-Not Assigned,TW,CHN,-2.5577478488286336
RP,PMESII-PT-Not Assigned,VM,CHN,-4.20098078250885
RP,PMESII-PT-Not Assigned,VM,USA,-3.134796142578125
RP,PMESII-PT-Physical Environment ,CH,CHN,-1.63999737015738
RP,PMESII-PT-Physical Environment ,CH,RUS,-1.823847784379194
RP,PMESII-PT-Physical Environment ,CH,USA,-1.5033182833413377
RP,PMESII-PT-Physical Environment ,ID,CHN,0.5257499516010284
RP,PMESII-PT-Physical Environment ,ID,RUS,0.860832154750824
RP,PMESII-PT-Physical Environment ,ID,USA,-1.4046921687466758
RP,PMESII-PT-Physical Environment ,JA,CHN,-1.2267309142940346
RP,PMESII-PT-Physical Environment ,JA,RUS,-5.401388645172119
RP,PMESII-PT-Physical Environment ,JA,USA,0.04098727654766392
RP,PMESII-PT-Physical Environment ,MY,CHN,-1.7788467953602474
RP,PMESII-PT-Physical Environment ,MY,RUS,-2.3443496078252792
RP,PMESII-PT-Physical Environment ,MY,USA,-0.8847902471368964
RP,PMESII-PT-Physical Environment ,RP,CHN,-2.140706612632105
RP,PMESII-PT-Physical Environment ,RP,RUS,0.30206665794054666
RP,PMESII-PT-Physical Environment ,RP,USA,-0.07221816686063708
RP,PMESII-PT-Physical Environment ,SN,CHN,0.19175487011671066
RP,PMESII-PT-Physical Environment ,SN,USA,1.6106851607561112
RP,PMESII-PT-Physical Environment ,TW,CHN,-2.0895417633431927
RP,PMESII-PT-Physical Environment ,TW,USA,-1.3358959858970982
RP,PMESII-PT-Physical Environment ,VM,CHN,-2.0745678531362657
RP,PMESII-PT-Physical Environment ,VM,RUS,-0.5154638886451721
RP,PMESII-PT-Physical Environment ,VM,USA,1.1937158455451329
RP,PMESII-PT-Political,CH,CHN,-1.5243363867801971
RP,PMESII-PT-Political,CH,RUS,-2.0334113001964003
RP,PMESII-PT-Political,CH,USA,-1.7545357455803763
RP,PMESII-PT-Political,ID,CHN,0.05396819018548535
RP,PMESII-PT-Political,ID,RUS,-3.504330113530159
RP,PMESII-PT-Political,ID,USA,-0.12972309603355825
RP,PMESII-PT-Political,JA,CHN,-1.3005825287511206
RP,PMESII-PT-Political,JA,RUS,-3.245609458003725
RP,PMESII-PT-Political,JA,USA,0.1981386603279547
RP,PMESII-PT-Political,MY,CHN,0.5122925090789795
RP,PMESII-PT-Political,MY,RUS,0.8411312252283096
RP,PMESII-PT-Political,MY,USA,-1.812208642065525
RP,PMESII-PT-Political,RP,CHN,-1.948666841025901
RP,PMESII-PT-Political,RP,RUS,-0.19139574468135834
RP,PMESII-PT-Political,RP,USA,0.05410105825405528
RP,PMESII-PT-Political,SN,CHN,0.41732153692282736
RP,PMESII-PT-Political,SN,RUS,-2.252420425415039
RP,PMESII-PT-Political,SN,USA,0.6812195934355258
RP,PMESII-PT-Political,TW,CHN,-1.6668378837354534
RP,PMESII-PT-Political,TW,RUS,-0.7782101035118103
RP,PMESII-PT-Political,TW,USA,-1.0930837451255526
RP,PMESII-PT-Political,VM,CHN,-1.3767179436981678
RP,PMESII-PT-Political,VM,RUS,-0.026758323113123577
RP,PMESII-PT-Political,VM,USA,-0.9244051969820454
RP,PMESII-PT-Social ,CH,CHN,-1.3546620049700568
RP,PMESII-PT-Social ,CH,RUS,-1.980227013097869
RP,PMESII-PT-Social ,CH,USA,-1.7578358496813213
RP,PMESII-PT-Social ,ID,CHN,-0.4157470074193231
RP,PMESII-PT-Social ,ID,RUS,-1.8416602313518524
RP,PMESII-PT-Social ,ID,USA,0.5589852102778174
RP,PMESII-PT-Social ,JA,CHN,-1.527766465509342
RP,PMESII-PT-Social ,JA,RUS,-2.2911167492469153
RP,PMESII-PT-Social ,JA,USA,0.124092314865381
RP,PMESII-PT-Social ,MY,CHN,0.021590862585150677
RP,PMESII-PT-Social ,MY,RUS,-2.3443496078252792
RP,PMESII-PT-Social ,MY,USA,-0.28364066945181954
RP,PMESII-PT-Social ,RP,CHN,-1.9681210936344868
RP,PMESII-PT-Social ,RP,RUS,0.2814823779566535
RP,PMESII-PT-Social ,RP,USA,0.07487675884194378
RP,PMESII-PT-Social ,SN,CHN,0.7952588146122602
RP,PMESII-PT-Social ,SN,RUS,-1.7361111640930176
RP,PMESII-PT-Social ,SN,USA,0.6364625418186187
RP,PMESII-PT-Social ,TW,CHN,-2.0296111805685637
RP,PMESII-PT-Social ,TW,RUS,-1.9777655363082887
RP,PMESII-PT-Social ,TW,USA,-1.4467201690438767
RP,PMESII-PT-Social ,VM,CHN,-1.4140052172872755
RP,PMESII-PT-Social ,VM,RUS,-0.11154857277870178
RP,PMESII-PT-Social ,VM,USA,-0.9159868762773626
RS,PMESII-PT-Economic ,CH,CHN,-0.36318716341687873
RS,PMESII-PT-Economic ,CH,RUS,0.4062085411554155
RS,PMESII-PT-Economic ,CH,USA,-1.9032114344607494
RS,PMESII-PT-Economic ,ID,CHN,0.5925466641783714
RS,PMESII-PT-Economic ,ID,RUS,0.8453368992993125
RS,PMESII-PT-Economic ,ID,USA,-1.9657428503036498
RS,PMESII-PT-Economic ,JA,CHN,-0.8026006501913071
RS,PMESII-PT-Economic ,JA,RUS,-1.0779286284833949
RS,PMESII-PT-Economic ,JA,USA,-1.408128023147583
RS,PMESII-PT-Economic ,MY,CHN,-1.2822721579245158
RS,PMESII-PT-Economic ,MY,RUS,1.015325007530359
RS,PMESII-PT-Economic ,MY,USA,-2.406571547190348
RS,PMESII-PT-Economic ,RP,CHN,-1.8054778387672024
RS,PMESII-PT-Economic ,RP,RUS,0.23722256183624268
RS,PMESII-PT-Economic ,RP,USA,-2.774882525205612
RS,PMESII-PT-Economic ,SN,CHN,-4.87960821390152
RS,PMESII-PT-Economic ,SN,RUS,1.1540297215635127
RS,PMESII-PT-Economic ,SN,USA,-0.924134373664856
RS,PMESII-PT-Economic ,TW,CHN,-2.270522095836126
RS,PMESII-PT-Economic ,TW,RUS,-1.946317884055051
RS,PMESII-PT-Economic ,TW,USA,-1.028277667129741
RS,PMESII-PT-Economic ,VM,CHN,-1.6701512060783528
RS,PMESII-PT-Economic ,VM,RUS,1.4976959077411154
RS,PMESII-PT-Economic ,VM,USA,-2.2658498734235764
RS,PMESII-PT-Information ,CH,CHN,-1.2162323796724435
RS,PMESII-PT-Information ,CH,RUS,-0.16692776163059003
RS,PMESII-PT-Information ,CH,USA,-1.949098501707378
RS,PMESII-PT-Information ,ID,CHN,-0.6062028408050537
RS,PMESII-PT-Information ,ID,RUS,1.0199264335632323
RS,PMESII-PT-Information ,ID,USA,1.4432989358901978
RS,PMESII-PT-Information ,JA,CHN,-2.039338688055674
RS,PMESII-PT-Information ,JA,RUS,-1.5287326800947387
RS,PMESII-PT-Information ,JA,USA,-1.355602271281756
RS,PMESII-PT-Information ,MY,CHN,-0.29998916387557983
RS,PMESII-PT-Information ,MY,RUS,1.2516121425126727
RS,PMESII-PT-Information ,MY,USA,-2.214022159576416
RS,PMESII-PT-Information ,RP,CHN,-3.0722167227003307
RS,PMESII-PT-Information ,RP,RUS,-2.473327711224556
RS,PMESII-PT-Information ,RP,USA,-2.10559766292572
RS,PMESII-PT-Information ,SN,CHN,-0.05116585890452067
RS,PMESII-PT-Information ,SN,RUS,-3.3227006594340005
RS,PMESII-PT-Information ,SN,USA,0.7084998190402985
RS,PMESII-PT-Information ,TW,CHN,-1.7870950259268283
RS,PMESII-PT-Information ,TW,RUS,-1.826363509351557
RS,PMESII-PT-Information ,TW,USA,0.5100630013381734
RS,PMESII-PT-Information ,VM,CHN,-1.1373000621795655
RS,PMESII-PT-Information ,VM,RUS,1.5725827986624703
RS,PMESII-PT-Information ,VM,USA,-0.6423090100288391
RS,PMESII-PT-Infrastructure,CH,CHN,-0.8973783657485183
RS,PMESII-PT-Infrastructure,CH,RUS,-0.10993729734336506
RS,PMESII-PT-Infrastructure,CH,USA,-2.0435483087192883
RS,PMESII-PT-Infrastructure,ID,CHN,-1.230080246925354
RS,PMESII-PT-Infrastructure,ID,RUS,-0.7559979678927988
RS,PMESII-PT-Infrastructure,ID,USA,-5.634067988395691
RS,PMESII-PT-Infrastructure,JA,CHN,-2.4629212644696237
RS,PMESII-PT-Infrastructure,JA,RUS,-1.9292621290728227
RS,PMESII-PT-Infrastructure,JA,USA,-2.3223446057393002
RS,PMESII-PT-Infrastructure,MY,CHN,-1.3164775239096747
RS,PMESII-PT-Infrastructure,MY,RUS,-0.12209780871868134
RS,PMESII-PT-Infrastructure,MY,USA,-4.722381591796875
RS,PMESII-PT-Infrastructure,RP,CHN,-3.4229236030578614
RS,PMESII-PT-Infrastructure,RP,RUS,-1.099875162045161
RS,PMESII-PT-Infrastructure,RP,USA,-2.441217916352408
RS,PMESII-PT-Infrastructure,SN,CHN,-1.8775712251663208
RS,PMESII-PT-Infrastructure,SN,RUS,-2.959213651716709
RS,PMESII-PT-Infrastructure,SN,USA,-0.1953043838342031
RS,PMESII-PT-Infrastructure,TW,CHN,-1.928663813173771
RS,PMESII-PT-Infrastructure,TW,RUS,-0.6099543869495392
RS,PMESII-PT-Infrastructure,TW,USA,-2.0042923521995544
RS,PMESII-PT-Infrastructure,VM,CHN,-1.6337576129219749
RS,PMESII-PT-Infrastructure,VM,RUS,0.908669375062707
RS,PMESII-PT-Infrastructure,VM,USA,-1.9527571002642314
RS,PMESII-PT-Military ,CH,CHN,-1.588498037086999
RS,PMESII-PT-Military ,CH,RUS,-0.6668111777238881
RS,PMESII-PT-Military ,CH,USA,-2.151138880746622
RS,PMESII-PT-Military ,ID,CHN,-1.9891358522268443
RS,PMESII-PT-Military ,ID,RUS,-0.2671469170313615
RS,PMESII-PT-Military ,ID,USA,2.0634387731552124
RS,PMESII-PT-Military ,JA,CHN,-2.7871481221718866
RS,PMESII-PT-Military ,JA,RUS,-2.3312381646432327
RS,PMESII-PT-Military ,JA,USA,-2.1846752632029203
RS,PMESII-PT-Military ,MY,CHN,2.027027130126953
RS,PMESII-PT-Military ,MY,RUS,0.039086291850623435
RS,PMESII-PT-Military ,MY,USA,-2.961082935333252
RS,PMESII-PT-Military ,RP,CHN,-3.359972643924047
RS,PMESII-PT-Military ,RP,RUS,-2.382232470313708
RS,PMESII-PT-Military ,RP,USA,-2.5931593852658428
RS,PMESII-PT-Military ,SN,CHN,-1.926018585761388
RS,PMESII-PT-Military ,SN,RUS,-3.434897940409811
RS,PMESII-PT-Military ,SN,USA,-1.010432013443538
RS,PMESII-PT-Military ,TW,CHN,-2.373629080851477
RS,PMESII-PT-Military ,TW,RUS,-2.5229684152910785
RS,PMESII-PT-Military ,TW,USA,-1.9650225704297042
RS,PMESII-PT-Military ,VM,CHN,-3.0910019356271494
RS,PMESII-PT-Military ,VM,RUS,0.9186100622827418
RS,PMESII-PT-Military ,VM,USA,-2.269321755721019
RS,PMESII-PT-Not Assigned,CH,CHN,-1.545115257138448
RS,PMESII-PT-Not Assigned,CH,RUS,0.259476506284305
RS,PMESII-PT-Not Assigned,CH,USA,-3.248418845063032
RS,PMESII-PT-Not Assigned,ID,CHN,5.081300735473633
RS,PMESII-PT-Not Assigned,ID,RUS,0.5134383602575823
RS,PMESII-PT-Not Assigned,ID,USA,1.4432989358901978
RS,PMESII-PT-Not Assigned,JA,CHN,-4.212912761113223
RS,PMESII-PT-Not Assigned,JA,RUS,-2.4423813880353733
RS,PMESII-PT-Not Assigned,JA,USA,-3.707594045003255
RS,PMESII-PT-Not Assigned,MY,CHN,-0.49121472239494324
RS,PMESII-PT-Not Assigned,MY,RUS,-0.5004810045162836
RS,PMESII-PT-Not Assigned,RP,CHN,-3.9859641393025718
RS,PMESII-PT-Not Assigned,RP,RUS,-7.113801717758179
RS,PMESII-PT-Not Assigned,RP,USA,-4.857116341590881
RS,PMESII-PT-Not Assigned,SN,RUS,3.6279282569885254
RS,PMESII-PT-Not Assigned,SN,USA,-2.5062143206596375
RS,PMESII-PT-Not Assigned,TW,CHN,-2.2131325530891237
RS,PMESII-PT-Not Assigned,TW,RUS,-1.9246112257242203
RS,PMESII-PT-Not Assigned,TW,USA,-3.209546849131584
RS,PMESII-PT-Not Assigned,VM,CHN,-5.633802890777588
RS,PMESII-PT-Not Assigned,VM,RUS,1.3957262799447896
RS,PMESII-PT-Not Assigned,VM,USA,-3.710538943608602
RS,PMESII-PT-Physical Environment ,CH,CHN,-0.8567350568266632
RS,PMESII-PT-Physical Environment ,CH,RUS,-0.09259388636786411
RS,PMESII-PT-Physical Environment ,CH,USA,-1.5669969775877546
RS,PMESII-PT-Physical Environment ,ID,CHN,-0.4231612980365753
RS,PMESII-PT-Physical Environment ,ID,RUS,-0.8708068227514307
RS,PMESII-PT-Physical Environment ,ID,USA,-3.9902658820152284
RS,PMESII-PT-Physical Environment ,JA,CHN,-2.362935787293969
RS,PMESII-PT-Physical Environment ,JA,RUS,-1.801415441021357
RS,PMESII-PT-Physical Environment ,JA,USA,-2.21127440067737
RS,PMESII-PT-Physical Environment ,MY,CHN,-2.931360697746277
RS,PMESII-PT-Physical Environment ,MY,RUS,0.3587436539431413
RS,PMESII-PT-Physical Environment ,MY,USA,-3.930917421976725
RS,PMESII-PT-Physical Environment ,RP,CHN,-3.3233832559918843
RS,PMESII-PT-Physical Environment ,RP,RUS,-1.8348618550547238
RS,PMESII-PT-Physical Environment ,RP,USA,-2.481443320001875
RS,PMESII-PT-Physical Environment ,SN,CHN,2.523683786392212
RS,PMESII-PT-Physical Environment ,SN,RUS,-2.1449433650289262
RS,PMESII-PT-Physical Environment ,SN,USA,1.6411969661712646
RS,PMESII-PT-Physical Environment ,TW,CHN,-2.2719324841274053
RS,PMESII-PT-Physical Environment ,TW,RUS,-0.3704938776791096
RS,PMESII-PT-Physical Environment ,TW,USA,-1.2036997071083855
RS,PMESII-PT-Physical Environment ,VM,CHN,-3.797665943702062
RS,PMESII-PT-Physical Environment ,VM,RUS,1.5252020645687598
RS,PMESII-PT-Physical Environment ,VM,USA,-3.894188404083252
RS,PMESII-PT-Political,CH,CHN,-0.8438465218682106
RS,PMESII-PT-Political,CH,RUS,0.1725904658575337
RS,PMESII-PT-Political,CH,USA,-2.095270192875879
RS,PMESII-PT-Political,ID,CHN,-0.39205741830940904
RS,PMESII-PT-Political,ID,RUS,1.003407220091295
RS,PMESII-PT-Political,ID,USA,-0.6253340244293213
RS,PMESII-PT-Political,JA,CHN,-2.3214640505313873
RS,PMESII-PT-Political,JA,RUS,-2.036588380816044
RS,PMESII-PT-Political,JA,USA,-1.3661206041286194
RS,PMESII-PT-Political,MY,CHN,-1.537195536223325
RS,PMESII-PT-Political,MY,RUS,0.6681752222555655
RS,PMESII-PT-Political,MY,USA,-2.943889776865641
RS,PMESII-PT-Political,RP,CHN,-3.512446562225899
RS,PMESII-PT-Political,RP,RUS,-1.7686918144876307
RS,PMESII-PT-Political,RP,USA,-2.1153570413589478
RS,PMESII-PT-Political,SN,CHN,-2.5401562537465776
RS,PMESII-PT-Political,SN,RUS,-1.1444626795618158
RS,PMESII-PT-Political,SN,USA,-1.0955257639288902
RS,PMESII-PT-Political,TW,CHN,-1.7124546341241769
RS,PMESII-PT-Political,TW,RUS,-1.1340118984381358
RS,PMESII-PT-Political,TW,USA,-1.0976318892192196
RS,PMESII-PT-Political,VM,CHN,-1.1271622475575318
RS,PMESII-PT-Political,VM,RUS,1.846627564317745
RS,PMESII-PT-Political,VM,USA,-2.230335268836755
RS,PMESII-PT-Social ,CH,CHN,-0.5365935384715463
RS,PMESII-PT-Social ,CH,RUS,0.27324459663256156
RS,PMESII-PT-Social ,CH,USA,-2.1443686082257694
RS,PMESII-PT-Social ,ID,CHN,-0.019629901339267862
RS,PMESII-PT-Social ,ID,RUS,0.5483793064824536
RS,PMESII-PT-Social ,ID,USA,-2.283197743552072
RS,PMESII-PT-Social ,JA,CHN,-1.7214517387785488
RS,PMESII-PT-Social ,JA,RUS,-1.813420800269943
RS,PMESII-PT-Social ,JA,USA,-1.4737852013941053
RS,PMESII-PT-Social ,MY,CHN,-0.5260080198446909
RS,PMESII-PT-Social ,MY,RUS,0.7688232544642776
RS,PMESII-PT-Social ,MY,USA,-2.587552547454834
RS,PMESII-PT-Social ,RP,CHN,-3.1490024382417854
RS,PMESII-PT-Social ,RP,RUS,-1.4105925580202523
RS,PMESII-PT-Social ,RP,USA,-2.273178903119905
RS,PMESII-PT-Social ,SN,CHN,-1.1324434322970254
RS,PMESII-PT-Social ,SN,RUS,-1.6496511101722717
RS,PMESII-PT-Social ,SN,USA,-1.0617653944275596
RS,PMESII-PT-Social ,TW,CHN,-2.133246526411436
RS,PMESII-PT-Social ,TW,RUS,-1.1929671670101127
RS,PMESII-PT-Social ,TW,USA,-1.563231762785178
RS,PMESII-PT-Social ,VM,CHN,-1.3234699902738012
RS,PMESII-PT-Social ,VM,RUS,1.71127266793287
RS,PMESII-PT-Social ,VM,USA,-2.560562157914752
SN,PMESII-PT-Economic ,CH,CHN,-0.7864163949953945
SN,PMESII-PT-Economic ,CH,RUS,-2.0128669938934385
SN,PMESII-PT-Economic ,CH,USA,-1.4230579873097893
SN,PMESII-PT-Economic ,ID,CHN,0.5049056555773761
SN,PMESII-PT-Economic ,ID,RUS,-3.250464379787445
SN,PMESII-PT-Economic ,ID,USA,0.18559616194529968
SN,PMESII-PT-Economic ,JA,CHN,-0.48461557778396774
SN,PMESII-PT-Economic ,JA,RUS,-2.677366097768148
SN,PMESII-PT-Economic ,JA,USA,-0.24730698333359233
SN,PMESII-PT-Economic ,MY,CHN,0.9846995029365644
SN,PMESII-PT-Economic ,MY,RUS,0.582714148930141
SN,PMESII-PT-Economic ,MY,USA,-0.6560668595779089
SN,PMESII-PT-Economic ,RP,CHN,-3.2191705783563003
SN,PMESII-PT-Economic ,RP,USA,-0.013935813307762146
SN,PMESII-PT-Economic ,SN,CHN,-0.18636393899980344
SN,PMESII-PT-Economic ,SN,RUS,-3.9964954682758878
SN,PMESII-PT-Economic ,SN,USA,0.7395817386715309
SN,PMESII-PT-Economic ,TW,CHN,-1.7089324289789567
SN,PMESII-PT-Economic ,TW,RUS,-2.8767059644063315
SN,PMESII-PT-Economic ,TW,USA,0.06331587086121242
SN,PMESII-PT-Economic ,VM,CHN,-0.6842264176710792
SN,PMESII-PT-Economic ,VM,RUS,-0.4933086521923542
SN,PMESII-PT-Economic ,VM,USA,-0.17203780626639342
SN,PMESII-PT-Information ,CH,CHN,-1.6905650871333875
SN,PMESII-PT-Information ,CH,RUS,-1.3028302246874028
SN,PMESII-PT-Information ,CH,USA,-1.3792960250195656
SN,PMESII-PT-Information ,ID,CHN,3.613828659057617
SN,PMESII-PT-Information ,ID,RUS,-1.5963927209377289
SN,PMESII-PT-Information ,ID,USA,-0.7962439979116122
SN,PMESII-PT-Information ,JA,CHN,-2.527274942646424
SN,PMESII-PT-Information ,JA,RUS,-3.6135207414627075
SN,PMESII-PT-Information ,JA,USA,-0.4434257583184676
SN,PMESII-PT-Information ,MY,CHN,0.9979214833842384
SN,PMESII-PT-Information ,MY,RUS,1.4480114976565044
SN,PMESII-PT-Information ,MY,USA,0.0018282968264359694
SN,PMESII-PT-Information ,RP,CHN,-3.1904609873890877
SN,PMESII-PT-Information ,RP,USA,-3.373401927096503
SN,PMESII-PT-Information ,SN,CHN,-0.625858640128916
SN,PMESII-PT-Information ,SN,RUS,-3.472222328186035
SN,PMESII-PT-Information ,SN,USA,0.826216437307925
SN,PMESII-PT-Information ,TW,CHN,-2.825355057483134
SN,PMESII-PT-Information ,TW,USA,-1.6909561168688994
SN,PMESII-PT-Information ,VM,CHN,0.33757883310317993
SN,PMESII-PT-Information ,VM,RUS,-2.2792089780171714
SN,PMESII-PT-Information ,VM,USA,-3.712883689573833
SN,PMESII-PT-Infrastructure,CH,CHN,-1.6702012177899692
SN,PMESII-PT-Infrastructure,CH,RUS,-1.5666479850426698
SN,PMESII-PT-Infrastructure,CH,USA,-1.712148753293671
SN,PMESII-PT-Infrastructure,ID,CHN,-0.03205658282552447
SN,PMESII-PT-Infrastructure,ID,RUS,-4.993063044548035
SN,PMESII-PT-Infrastructure,ID,USA,0.10141954079947689
SN,PMESII-PT-Infrastructure,JA,CHN,-2.0628869347274303
SN,PMESII-PT-Infrastructure,JA,RUS,-0.432123601436615
SN,PMESII-PT-Infrastructure,JA,USA,-0.7143567790419368
SN,PMESII-PT-Infrastructure,MY,CHN,0.23669521890732706
SN,PMESII-PT-Infrastructure,MY,RUS,1.6411329507827759
SN,PMESII-PT-Infrastructure,MY,USA,-0.8930782601237297
SN,PMESII-PT-Infrastructure,RP,CHN,-3.8077642721134226
SN,PMESII-PT-Infrastructure,RP,RUS,-1.634872555732727
SN,PMESII-PT-Infrastructure,RP,USA,-1.9910600330771469
SN,PMESII-PT-Infrastructure,SN,CHN,-1.587330873249567
SN,PMESII-PT-Infrastructure,SN,RUS,-4.867992719014485
SN,PMESII-PT-Infrastructure,SN,USA,0.09886830173132131
SN,PMESII-PT-Infrastructure,TW,CHN,-2.1977676196374754
SN,PMESII-PT-Infrastructure,TW,RUS,-2.4938008387883506
SN,PMESII-PT-Infrastructure,TW,USA,-1.088379144154746
SN,PMESII-PT-Infrastructure,VM,CHN,-0.6412838101387024
SN,PMESII-PT-Infrastructure,VM,RUS,-0.18171692225668165
SN,PMESII-PT-Infrastructure,VM,USA,-1.5519205512422505
SN,PMESII-PT-Military ,CH,CHN,-2.7949698532889555
SN,PMESII-PT-Military ,CH,RUS,-2.5061757937826292
SN,PMESII-PT-Military ,CH,USA,-2.2011123692812053
SN,PMESII-PT-Military ,ID,CHN,-3.366351842880249
SN,PMESII-PT-Military ,ID,RUS,-2.5080053976603915
SN,PMESII-PT-Military ,ID,USA,-0.8728376189246774
SN,PMESII-PT-Military ,JA,CHN,-1.7052527735078777
SN,PMESII-PT-Military ,JA,RUS,-1.6442790249219308
SN,PMESII-PT-Military ,JA,USA,-1.2449636629223824
SN,PMESII-PT-Military ,MY,CHN,-3.1085016617068537
SN,PMESII-PT-Military ,MY,RUS,-2.0931366284688315
SN,PMESII-PT-Military ,MY,USA,-2.813433230987617
SN,PMESII-PT-Military ,RP,CHN,-3.6894212618266065
SN,PMESII-PT-Military ,RP,RUS,-2.3728814125061035
SN,PMESII-PT-Military ,RP,USA,-2.387651085191303
SN,PMESII-PT-Military ,SN,CHN,-4.070736994241413
SN,PMESII-PT-Military ,SN,RUS,-4.870340299606323
SN,PMESII-PT-Military ,SN,USA,-0.8843066078714199
SN,PMESII-PT-Military ,TW,CHN,-2.9032711930848936
SN,PMESII-PT-Military ,TW,RUS,-2.4938008387883506
SN,PMESII-PT-Military ,TW,USA,-1.1203480704886015
SN,PMESII-PT-Military ,VM,CHN,-0.5632364886502425
SN,PMESII-PT-Military ,VM,RUS,-1.8994136651357014
SN,PMESII-PT-Military ,VM,USA,-2.3450966365635395
SN,PMESII-PT-Not Assigned,CH,CHN,-2.7504183706991814
SN,PMESII-PT-Not Assigned,CH,RUS,-4.263566017150879
SN,PMESII-PT-Not Assigned,CH,USA,-2.4132043650237525
SN,PMESII-PT-Not Assigned,ID,CHN,1.1235954761505127
SN,PMESII-PT-Not Assigned,ID,RUS,-11.286264896392822
SN,PMESII-PT-Not Assigned,ID,USA,-2.912351578474045
SN,PMESII-PT-Not Assigned,JA,CHN,-3.704812061786652
SN,PMESII-PT-Not Assigned,JA,RUS,-2.2979421377182008
SN,PMESII-PT-Not Assigned,JA,USA,-0.2555512587229411
SN,PMESII-PT-Not Assigned,MY,CHN,-0.5355080485343933
SN,PMESII-PT-Not Assigned,MY,RUS,-8.159392356872559
SN,PMESII-PT-Not Assigned,MY,USA,-0.4586249828338623
SN,PMESII-PT-Not Assigned,RP,CHN,-2.831276223063469
SN,PMESII-PT-Not Assigned,RP,USA,-3.8286051750183105
SN,PMESII-PT-Not Assigned,SN,CHN,-2.224278380473455
SN,PMESII-PT-Not Assigned,SN,USA,0.047372230305904296
SN,PMESII-PT-Not Assigned,TW,CHN,-3.5248112738132478
SN,PMESII-PT-Not Assigned,TW,USA,-2.0368008613586426
SN,PMESII-PT-Not Assigned,VM,CHN,-4.327941474815209
SN,PMESII-PT-Not Assigned,VM,USA,-7.981335441271464
SN,PMESII-PT-Physical Environment ,CH,CHN,-1.7635847235158566
SN,PMESII-PT-Physical Environment ,CH,RUS,-2.0969201793011867
SN,PMESII-PT-Physical Environment ,CH,USA,-1.78163202288183
SN,PMESII-PT-Physical Environment ,ID,CHN,0.13564694712036535
SN,PMESII-PT-Physical Environment ,ID,RUS,-0.19799435138702393
SN,PMESII-PT-Physical Environment ,ID,USA,-0.8437478631254165
SN,PMESII-PT-Physical Environment ,JA,CHN,-1.7303619058208262
SN,PMESII-PT-Physical Environment ,JA,RUS,-1.0502395846626975
SN,PMESII-PT-Physical Environment ,JA,USA,-1.535495031979822
SN,PMESII-PT-Physical Environment ,MY,CHN,-0.36893243285325855
SN,PMESII-PT-Physical Environment ,MY,USA,-1.0945927537977695
SN,PMESII-PT-Physical Environment ,RP,CHN,-3.491389708272342
SN,PMESII-PT-Physical Environment ,RP,RUS,-1.4321409463882446
SN,PMESII-PT-Physical Environment ,RP,USA,-1.9063128697730245
SN,PMESII-PT-Physical Environment ,SN,CHN,-0.4144226627667313
SN,PMESII-PT-Physical Environment ,SN,RUS,-5.200228214263916
SN,PMESII-PT-Physical Environment ,SN,USA,0.03986412328439993
SN,PMESII-PT-Physical Environment ,TW,CHN,-2.2669789907164297
SN,PMESII-PT-Physical Environment ,TW,USA,-1.4556492805480956
SN,PMESII-PT-Physical Environment ,VM,CHN,-2.1092393517494203
SN,PMESII-PT-Physical Environment ,VM,RUS,0.29950941034725737
SN,PMESII-PT-Physical Environment ,VM,USA,-0.18661645325747403
SN,PMESII-PT-Political,CH,CHN,-1.7138676085948927
SN,PMESII-PT-Political,CH,RUS,-2.087426733156169
SN,PMESII-PT-Political,CH,USA,-1.8599439927167136
SN,PMESII-PT-Political,ID,CHN,0.14571458372202786
SN,PMESII-PT-Political,ID,RUS,-2.3266818150877953
SN,PMESII-PT-Political,ID,USA,-0.3716189066822432
SN,PMESII-PT-Political,JA,CHN,-1.5116821429026979
SN,PMESII-PT-Political,JA,RUS,-1.9723781675100327
SN,PMESII-PT-Political,JA,USA,-0.5609803357267682
SN,PMESII-PT-Political,MY,CHN,-0.8413257762216605
SN,PMESII-PT-Political,MY,RUS,-0.9589576482772827
SN,PMESII-PT-Political,MY,USA,-1.052453578386492
SN,PMESII-PT-Political,RP,CHN,-3.503255695104599
SN,PMESII-PT-Political,RP,RUS,-0.8982036113739014
SN,PMESII-PT-Political,RP,USA,-2.1379490327090025
SN,PMESII-PT-Political,SN,CHN,-1.6262851157435425
SN,PMESII-PT-Political,SN,RUS,-2.4804028960374684
SN,PMESII-PT-Political,SN,USA,0.5194464876060992
SN,PMESII-PT-Political,TW,CHN,-2.1508809345124833
SN,PMESII-PT-Political,TW,RUS,-1.9762846231460571
SN,PMESII-PT-Political,TW,USA,-0.7883667742301311
SN,PMESII-PT-Political,VM,CHN,-0.826343102857124
SN,PMESII-PT-Political,VM,RUS,-1.1185213799277942
SN,PMESII-PT-Political,VM,USA,-1.605937655676495
SN,PMESII-PT-Social ,CH,CHN,-1.434327013426845
SN,PMESII-PT-Social ,CH,RUS,-1.8892197307820122
SN,PMESII-PT-Social ,CH,USA,-1.8605177898831327
SN,PMESII-PT-Social ,ID,CHN,0.6775851628997109
SN,PMESII-PT-Social ,ID,RUS,-0.9288693620608404
SN,PMESII-PT-Social ,ID,USA,0.052619182597845794
SN,PMESII-PT-Social ,JA,CHN,-1.2462322609890408
SN,PMESII-PT-Social ,JA,RUS,-1.0646868000427883
SN,PMESII-PT-Social ,JA,USA,-0.683320159380068
SN,PMESII-PT-Social ,MY,CHN,-0.26949475173439297
SN,PMESII-PT-Social ,MY,RUS,-0.469108780225118
SN,PMESII-PT-Social ,MY,USA,-1.0027770362322843
SN,PMESII-PT-Social ,RP,CHN,-3.669709729348741
SN,PMESII-PT-Social ,RP,RUS,-1.7452744642893474
SN,PMESII-PT-Social ,RP,USA,-2.7192239984869957
SN,PMESII-PT-Social ,SN,CHN,-0.7715829075486572
SN,PMESII-PT-Social ,SN,RUS,-2.1451393961906433
SN,PMESII-PT-Social ,SN,USA,0.6700530529660009
SN,PMESII-PT-Social ,TW,CHN,-2.028073696761715
SN,PMESII-PT-Social ,TW,RUS,-2.4938008387883506
SN,PMESII-PT-Social ,TW,USA,-1.2658464776145086
SN,PMESII-PT-Social ,VM,CHN,-1.1745188331062144
SN,PMESII-PT-Social ,VM,RUS,-1.3875295384363695
SN,PMESII-PT-Social ,VM,USA,-1.3889523510422026
TW,PMESII-PT-Economic ,CH,CHN,-0.9555130907971608
TW,PMESII-PT-Economic ,CH,RUS,-0.807248268276453
TW,PMESII-PT-Economic ,CH,USA,-1.3712344192494001
TW,PMESII-PT-Economic ,ID,CHN,-1.320058599114418
TW,PMESII-PT-Economic ,ID,RUS,-4.112149715423584
TW,PMESII-PT-Economic ,ID,USA,1.8067985892295837
TW,PMESII-PT-Economic ,JA,CHN,0.025936204940080643
TW,PMESII-PT-Economic ,JA,RUS,-3.216635763645172
TW,PMESII-PT-Economic ,JA,USA,0.1436434854255166
TW,PMESII-PT-Economic ,MY,CHN,1.492537260055542
TW,PMESII-PT-Economic ,MY,USA,1.0627178885042667
TW,PMESII-PT-Economic ,RP,CHN,-3.1564012931452856
TW,PMESII-PT-Economic ,RP,USA,-0.2030592475618635
TW,PMESII-PT-Economic ,SN,CHN,-1.278971940279007
TW,PMESII-PT-Economic ,SN,USA,0.6117860317230225
TW,PMESII-PT-Economic ,TW,CHN,-0.8044917323158024
TW,PMESII-PT-Economic ,TW,RUS,-0.883803129196167
TW,PMESII-PT-Economic ,TW,USA,0.9377274465997044
TW,PMESII-PT-Economic ,VM,CHN,-0.3888133188088735
TW,PMESII-PT-Economic ,VM,RUS,0
TW,PMESII-PT-Economic ,VM,USA,-0.2705516169468562
TW,PMESII-PT-Information ,CH,CHN,-1.3156357538998633
TW,PMESII-PT-Information ,CH,RUS,-0.9597082204288907
TW,PMESII-PT-Information ,CH,USA,-1.3880091537070531
TW,PMESII-PT-Information ,ID,CHN,-2.1126761436462402
TW,PMESII-PT-Information ,ID,USA,1.8441994726657867
TW,PMESII-PT-Information ,JA,CHN,-2.5374415181577206
TW,PMESII-PT-Information ,JA,RUS,-4.5751633644104
TW,PMESII-PT-Information ,JA,USA,0.6892656941305507
TW,PMESII-PT-Information ,MY,USA,-1.769911527633667
TW,PMESII-PT-Information ,RP,CHN,-3.995520234107971
TW,PMESII-PT-Information ,RP,USA,-1.6985137462615967
TW,PMESII-PT-Information ,SN,CHN,-1.2121212482452393
TW,PMESII-PT-Information ,SN,USA,0.6042655408382416
TW,PMESII-PT-Information ,TW,CHN,-1.357476073612527
TW,PMESII-PT-Information ,TW,RUS,-5.325782775878906
TW,PMESII-PT-Information ,TW,USA,0.8955516492778605
TW,PMESII-PT-Information ,VM,CHN,0.05115471283594767
TW,PMESII-PT-Information ,VM,USA,1.4206987917423248
TW,PMESII-PT-Infrastructure,CH,CHN,-1.5118327660285882
TW,PMESII-PT-Infrastructure,CH,RUS,-0.8094516553812556
TW,PMESII-PT-Infrastructure,CH,USA,-1.703382117052873
TW,PMESII-PT-Infrastructure,ID,CHN,-2.453479705585374
TW,PMESII-PT-Infrastructure,ID,RUS,-4.112149715423584
TW,PMESII-PT-Infrastructure,ID,USA,0.5477601190408071
TW,PMESII-PT-Infrastructure,JA,CHN,-2.4577978493078896
TW,PMESII-PT-Infrastructure,JA,RUS,-3.447765906651815
TW,PMESII-PT-Infrastructure,JA,USA,0.14562000943855805
TW,PMESII-PT-Infrastructure,MY,USA,-2.4703216552734375
TW,PMESII-PT-Infrastructure,RP,CHN,-3.7696876153349876
TW,PMESII-PT-Infrastructure,RP,USA,-0.40838034947713214
TW,PMESII-PT-Infrastructure,SN,CHN,-0.27198490500450134
TW,PMESII-PT-Infrastructure,SN,USA,0.9669908185799917
TW,PMESII-PT-Infrastructure,TW,CHN,-1.7225357679443953
TW,PMESII-PT-Infrastructure,TW,RUS,-1.3898111215004554
TW,PMESII-PT-Infrastructure,TW,USA,0.6471606385879243
TW,PMESII-PT-Infrastructure,VM,CHN,-0.7217383140867407
TW,PMESII-PT-Infrastructure,VM,USA,-0.045519471168518066
TW,PMESII-PT-Military ,CH,CHN,-2.068054106374198
TW,PMESII-PT-Military ,CH,RUS,-1.0553846694529057
TW,PMESII-PT-Military ,CH,USA,-1.9982846644933752
TW,PMESII-PT-Military ,ID,CHN,-3.1897000789642336
TW,PMESII-PT-Military ,ID,RUS,-1.4732965230941772
TW,PMESII-PT-Military ,ID,USA,-1.4102058070046561
TW,PMESII-PT-Military ,JA,CHN,-2.9750921770053753
TW,PMESII-PT-Military ,JA,RUS,-1.7681470155715941
TW,PMESII-PT-Military ,JA,USA,-0.2884970420661072
TW,PMESII-PT-Military ,MY,CHN,-1.4609637260437012
TW,PMESII-PT-Military ,MY,RUS,0.7537688612937927
TW,PMESII-PT-Military ,MY,USA,-3.036649227142334
TW,PMESII-PT-Military ,RP,CHN,-3.286105334137877
TW,PMESII-PT-Military ,RP,RUS,-2.4169185161590576
TW,PMESII-PT-Military ,RP,USA,-1.3037256906772483
TW,PMESII-PT-Military ,SN,CHN,-1.5996150289263045
TW,PMESII-PT-Military ,SN,USA,-2.7645393013954163
TW,PMESII-PT-Military ,TW,CHN,-1.7834591999889748
TW,PMESII-PT-Military ,TW,RUS,-1.2639523460751487
TW,PMESII-PT-Military ,TW,USA,0.04616808915497809
TW,PMESII-PT-Military ,VM,CHN,-2.6271999329328537
TW,PMESII-PT-Military ,VM,RUS,0.6666666865348816
TW,PMESII-PT-Not Assigned,CH,CHN,-2.038249405246714
TW,PMESII-PT-Not Assigned,CH,RUS,-1.9394934177398682
TW,PMESII-PT-Not Assigned,CH,USA,-2.3503317443860903
TW,PMESII-PT-Not Assigned,ID,USA,-2.976790189743042
TW,PMESII-PT-Not Assigned,JA,CHN,-6.266831398010254
TW,PMESII-PT-Not Assigned,JA,RUS,-3.872947573661804
TW,PMESII-PT-Not Assigned,JA,USA,1.3607274442911148
TW,PMESII-PT-Not Assigned,MY,USA,-3.170731782913208
TW,PMESII-PT-Not Assigned,RP,CHN,-3.5033956933766603
TW,PMESII-PT-Not Assigned,SN,CHN,0.6681514382362366
TW,PMESII-PT-Not Assigned,TW,CHN,-2.598390297393004
TW,PMESII-PT-Not Assigned,TW,RUS,-1.2034827172756195
TW,PMESII-PT-Not Assigned,TW,USA,1.1211066697798078
TW,PMESII-PT-Not Assigned,VM,CHN,-0.9795881509780884
TW,PMESII-PT-Not Assigned,VM,USA,1.2629162073135376
TW,PMESII-PT-Physical Environment ,CH,CHN,-1.6084508011878187
TW,PMESII-PT-Physical Environment ,CH,RUS,-0.8635952969392141
TW,PMESII-PT-Physical Environment ,CH,USA,-2.0166572244039602
TW,PMESII-PT-Physical Environment ,ID,CHN,-2.0817490845918654
TW,PMESII-PT-Physical Environment ,ID,RUS,-4.112149715423584
TW,PMESII-PT-Physical Environment ,ID,USA,-1.7746204733848572
TW,PMESII-PT-Physical Environment ,JA,CHN,-1.386962439578313
TW,PMESII-PT-Physical Environment ,JA,RUS,-3.565248668193817
TW,PMESII-PT-Physical Environment ,JA,USA,-0.22887486042945007
TW,PMESII-PT-Physical Environment ,MY,CHN,-2.8948057492574057
TW,PMESII-PT-Physical Environment ,MY,USA,0.17086458206176758
TW,PMESII-PT-Physical Environment ,RP,CHN,-2.9762500737135005
TW,PMESII-PT-Physical Environment ,RP,RUS,-2.4169185161590576
TW,PMESII-PT-Physical Environment ,RP,USA,-1.5814496278762817
TW,PMESII-PT-Physical Environment ,SN,CHN,-2.144522190093994
TW,PMESII-PT-Physical Environment ,SN,USA,0.5905511975288391
TW,PMESII-PT-Physical Environment ,TW,CHN,-1.852477543095156
TW,PMESII-PT-Physical Environment ,TW,RUS,-1.5427462220191956
TW,PMESII-PT-Physical Environment ,TW,USA,0.493188681325827
TW,PMESII-PT-Physical Environment ,VM,CHN,-2.521829022301568
TW,PMESII-PT-Physical Environment ,VM,USA,0.8791412353515625
TW,PMESII-PT-Political,CH,CHN,-1.4091521342418796
TW,PMESII-PT-Political,CH,RUS,-1.2067372152774498
TW,PMESII-PT-Political,CH,USA,-1.581606525569159
TW,PMESII-PT-Political,ID,CHN,-1.851396711433635
TW,PMESII-PT-Political,ID,RUS,-1.4732965230941772
TW,PMESII-PT-Political,ID,USA,-0.9010709971189499
TW,PMESII-PT-Political,JA,CHN,-1.8749791544581216
TW,PMESII-PT-Political,JA,RUS,-2.3574990034103394
TW,PMESII-PT-Political,JA,USA,0.15150110844043221
TW,PMESII-PT-Political,MY,CHN,-1.5382006764411926
TW,PMESII-PT-Political,MY,RUS,0.7537688612937927
TW,PMESII-PT-Political,MY,USA,-0.8262480099995931
TW,PMESII-PT-Political,RP,CHN,-2.674941626333055
TW,PMESII-PT-Political,RP,USA,-1.0249230116605759
TW,PMESII-PT-Political,SN,CHN,-0.9001559843035305
TW,PMESII-PT-Political,SN,USA,-0.48428075909614565
TW,PMESII-PT-Political,TW,CHN,-1.2730797075780695
TW,PMESII-PT-Political,TW,RUS,-2.2804653428887067
TW,PMESII-PT-Political,TW,USA,0.7541179018970108
TW,PMESII-PT-Political,VM,CHN,-1.3183193625882268
TW,PMESII-PT-Political,VM,RUS,0.6666666865348816
TW,PMESII-PT-Political,VM,USA,-1.9731087767415576
TW,PMESII-PT-Social ,CH,CHN,-1.3936870184499626
TW,PMESII-PT-Social ,CH,RUS,-1.2883713755011559
TW,PMESII-PT-Social ,CH,USA,-1.5959378116446383
TW,PMESII-PT-Social ,ID,CHN,-2.1108663082122803
TW,PMESII-PT-Social ,ID,RUS,-1.4732965230941772
TW,PMESII-PT-Social ,ID,USA,0.016998253085396507
TW,PMESII-PT-Social ,JA,CHN,-1.9755593616338003
TW,PMESII-PT-Social ,JA,RUS,-2.4631124905177524
TW,PMESII-PT-Social ,JA,USA,0.5462901653612361
TW,PMESII-PT-Social ,MY,CHN,-1.7923583030700683
TW,PMESII-PT-Social ,MY,RUS,0.7537688612937927
TW,PMESII-PT-Social ,MY,USA,-0.5207549730936686
TW,PMESII-PT-Social ,RP,CHN,-3.3114451031912777
TW,PMESII-PT-Social ,RP,RUS,-2.4169185161590576
TW,PMESII-PT-Social ,RP,USA,-1.0679085765566145
TW,PMESII-PT-Social ,SN,CHN,-0.5835854131728411
TW,PMESII-PT-Social ,SN,USA,-0.22315009236335753
TW,PMESII-PT-Social ,TW,CHN,-0.8092035486364049
TW,PMESII-PT-Social ,TW,RUS,-1.8005987748955234
TW,PMESII-PT-Social ,TW,USA,0.6930089131971442
TW,PMESII-PT-Social ,VM,CHN,-1.716534967485227
TW,PMESII-PT-Social ,VM,RUS,0.6666666865348816
TW,PMESII-PT-Social ,VM,USA,-0.5147743307881885
US,PMESII-PT-Economic ,CH,CHN,-1.3187497407182105
US,PMESII-PT-Economic ,CH,RUS,-2.1257208016722897
US,PMESII-PT-Economic ,CH,USA,-1.4658572224217314
US,PMESII-PT-Economic ,ID,CHN,-0.9199665524961612
US,PMESII-PT-Economic ,ID,RUS,-0.2083665883541107
US,PMESII-PT-Economic ,ID,USA,-1.617764607163482
US,PMESII-PT-Economic ,JA,CHN,-1.3274066160752702
US,PMESII-PT-Economic ,JA,RUS,-1.4814579688618628
US,PMESII-PT-Economic ,JA,USA,-0.02330783983142561
US,PMESII-PT-Economic ,MY,CHN,0.36667956244409755
US,PMESII-PT-Economic ,MY,RUS,-2.2802320230338307
US,PMESII-PT-Economic ,MY,USA,-0.5537043988235354
US,PMESII-PT-Economic ,RP,CHN,-3.1496233537869056
US,PMESII-PT-Economic ,RP,RUS,-0.9914590466548415
US,PMESII-PT-Economic ,RP,USA,-1.085120483674109
US,PMESII-PT-Economic ,SN,CHN,-0.6777961804518398
US,PMESII-PT-Economic ,SN,RUS,0.20500476831613584
US,PMESII-PT-Economic ,SN,USA,0.4595443699052257
US,PMESII-PT-Economic ,TW,CHN,-2.045310687436063
US,PMESII-PT-Economic ,TW,RUS,-3.6145074335129364
US,PMESII-PT-Economic ,TW,USA,-0.3404132446455883
US,PMESII-PT-Economic ,VM,CHN,-0.9174717760807465
US,PMESII-PT-Economic ,VM,RUS,-0.5518080307929604
US,PMESII-PT-Economic ,VM,USA,-1.0053637902287647
US,PMESII-PT-Information ,CH,CHN,-2.2425711503249537
US,PMESII-PT-Information ,CH,RUS,-2.265367488605542
US,PMESII-PT-Information ,CH,USA,-2.1043559017015
US,PMESII-PT-Information ,ID,CHN,-0.711220259704287
US,PMESII-PT-Information ,ID,RUS,-0.9799542054533958
US,PMESII-PT-Information ,ID,USA,-0.8523061365158849
US,PMESII-PT-Information ,JA,CHN,-1.7964897451885362
US,PMESII-PT-Information ,JA,RUS,-3.6262469755278692
US,PMESII-PT-Information ,JA,USA,-0.808682049463077
US,PMESII-PT-Information ,MY,CHN,0.9490637804071108
US,PMESII-PT-Information ,MY,RUS,-3.0698485672473907
US,PMESII-PT-Information ,MY,USA,-0.5599424608863226
US,PMESII-PT-Information ,RP,CHN,-3.0152232495724203
US,PMESII-PT-Information ,RP,RUS,-2.6130164861679077
US,PMESII-PT-Information ,RP,USA,-2.2982591375687997
US,PMESII-PT-Information ,SN,CHN,0.042491147196606585
US,PMESII-PT-Information ,SN,RUS,-4.383231341838837
US,PMESII-PT-Information ,SN,USA,-1.5205480397916307
US,PMESII-PT-Information ,TW,CHN,-2.1058433575197038
US,PMESII-PT-Information ,TW,RUS,-3.2714486961302005
US,PMESII-PT-Information ,TW,USA,-1.3875758454479947
US,PMESII-PT-Information ,VM,CHN,-1.0200296529162098
US,PMESII-PT-Information ,VM,RUS,-0.9935224759666359
US,PMESII-PT-Information ,VM,USA,-1.844356586277688
US,PMESII-PT-Infrastructure,CH,CHN,-2.0393007487809345
US,PMESII-PT-Infrastructure,CH,RUS,-2.3247238755772104
US,PMESII-PT-Infrastructure,CH,USA,-2.1524153146747285
US,PMESII-PT-Infrastructure,ID,CHN,-1.0684058471888929
US,PMESII-PT-Infrastructure,ID,RUS,-1.739351499080658
US,PMESII-PT-Infrastructure,ID,USA,-2.728761306212285
US,PMESII-PT-Infrastructure,JA,CHN,-2.326252519857942
US,PMESII-PT-Infrastructure,JA,RUS,-2.200837753487356
US,PMESII-PT-Infrastructure,JA,USA,-1.0618946027374305
US,PMESII-PT-Infrastructure,MY,CHN,-0.11964783317876498
US,PMESII-PT-Infrastructure,MY,RUS,-2.5145857259631157
US,PMESII-PT-Infrastructure,MY,USA,-1.2184889792249753
US,PMESII-PT-Infrastructure,RP,CHN,-4.113281799196413
US,PMESII-PT-Infrastructure,RP,RUS,-2.869931263393826
US,PMESII-PT-Infrastructure,RP,USA,-2.140071417744942
US,PMESII-PT-Infrastructure,SN,CHN,-0.12973181555023441
US,PMESII-PT-Infrastructure,SN,RUS,-4.13585639744997
US,PMESII-PT-Infrastructure,SN,USA,-1.3953986937849268
US,PMESII-PT-Infrastructure,TW,CHN,-2.5532317326398712
US,PMESII-PT-Infrastructure,TW,RUS,-2.6093415559402535
US,PMESII-PT-Infrastructure,TW,USA,-1.0016165547690854
US,PMESII-PT-Infrastructure,VM,CHN,-2.5059784136785357
US,PMESII-PT-Infrastructure,VM,RUS,-0.8273202425075902
US,PMESII-PT-Infrastructure,VM,USA,-1.8599168632069343
US,PMESII-PT-Military ,CH,CHN,-2.7789250123852325
US,PMESII-PT-Military ,CH,RUS,-2.625084403051507
US,PMESII-PT-Military ,CH,USA,-2.6604292486146055
US,PMESII-PT-Military ,ID,CHN,-2.807040200873454
US,PMESII-PT-Military ,ID,RUS,-1.0118646542000216
US,PMESII-PT-Military ,ID,USA,-3.4767200060136667
US,PMESII-PT-Military ,JA,CHN,-2.2970135254998922
US,PMESII-PT-Military ,JA,RUS,-2.6578288896117304
US,PMESII-PT-Military ,JA,USA,-1.9743261780427719
US,PMESII-PT-Military ,MY,CHN,-2.4100710272789003
US,PMESII-PT-Military ,MY,RUS,-4.03938561398536
US,PMESII-PT-Military ,MY,USA,-3.203379155115574
US,PMESII-PT-Military ,RP,CHN,-4.165063176584613
US,PMESII-PT-Military ,RP,RUS,-2.361089668094038
US,PMESII-PT-Military ,RP,USA,-2.567567116851322
US,PMESII-PT-Military ,SN,CHN,-2.125181058528168
US,PMESII-PT-Military ,SN,RUS,-2.001912742294371
US,PMESII-PT-Military ,SN,USA,-2.1997989838017276
US,PMESII-PT-Military ,TW,CHN,-2.095197738774136
US,PMESII-PT-Military ,TW,RUS,-3.4491767739174795
US,PMESII-PT-Military ,TW,USA,-1.318643885580369
US,PMESII-PT-Military ,VM,CHN,-1.8431386259245746
US,PMESII-PT-Military ,VM,RUS,-1.3100045949672208
US,PMESII-PT-Military ,VM,USA,-1.1550485083970181
US,PMESII-PT-Not Assigned,CH,CHN,-2.6207590911323284
US,PMESII-PT-Not Assigned,CH,RUS,-4.545526396222413
US,PMESII-PT-Not Assigned,CH,USA,-3.091754535151084
US,PMESII-PT-Not Assigned,ID,CHN,-3.949670480357276
US,PMESII-PT-Not Assigned,ID,RUS,-4.198806398681232
US,PMESII-PT-Not Assigned,ID,USA,-4.178150526847341
US,PMESII-PT-Not Assigned,JA,CHN,-3.8440214222605853
US,PMESII-PT-Not Assigned,JA,RUS,-4.080232143998146
US,PMESII-PT-Not Assigned,JA,USA,-1.4245826995926756
US,PMESII-PT-Not Assigned,MY,CHN,-1.9711048740201291
US,PMESII-PT-Not Assigned,MY,RUS,-5.61697672520365
US,PMESII-PT-Not Assigned,MY,USA,-2.8005862358498246
US,PMESII-PT-Not Assigned,RP,CHN,-4.976319402438587
US,PMESII-PT-Not Assigned,RP,RUS,-7.157642036676407
US,PMESII-PT-Not Assigned,RP,USA,-3.4672580545651166
US,PMESII-PT-Not Assigned,SN,CHN,-2.4960046470165254
US,PMESII-PT-Not Assigned,SN,RUS,-1.116439414024353
US,PMESII-PT-Not Assigned,SN,USA,-3.4959543380269245
US,PMESII-PT-Not Assigned,TW,CHN,-3.138690319328912
US,PMESII-PT-Not Assigned,TW,RUS,-3.483623296022415
US,PMESII-PT-Not Assigned,TW,USA,-0.8745998734060456
US,PMESII-PT-Not Assigned,VM,CHN,-2.4466669610862075
US,PMESII-PT-Not Assigned,VM,RUS,-2.0987312065230475
US,PMESII-PT-Not Assigned,VM,USA,-2.243982457545366
US,PMESII-PT-Physical Environment ,CH,CHN,-1.9812819644185926
US,PMESII-PT-Physical Environment ,CH,RUS,-2.1133145143938554
US,PMESII-PT-Physical Environment ,CH,USA,-1.5919802493521875
US,PMESII-PT-Physical Environment ,ID,CHN,-0.9283626373228314
US,PMESII-PT-Physical Environment ,ID,RUS,-0.14565850599952365
US,PMESII-PT-Physical Environment ,ID,USA,-2.7959377905700347
US,PMESII-PT-Physical Environment ,JA,CHN,-1.8653470624599662
US,PMESII-PT-Physical Environment ,JA,RUS,-3.578334409814991
US,PMESII-PT-Physical Environment ,JA,USA,-1.2986460841001506
US,PMESII-PT-Physical Environment ,MY,CHN,-1.6156295794579718
US,PMESII-PT-Physical Environment ,MY,RUS,-4.226130419052565
US,PMESII-PT-Physical Environment ,MY,USA,-1.308021949861251
US,PMESII-PT-Physical Environment ,RP,CHN,-3.9068843172425765
US,PMESII-PT-Physical Environment ,RP,RUS,-2.6120031066849583
US,PMESII-PT-Physical Environment ,RP,USA,-2.636308833439789
US,PMESII-PT-Physical Environment ,SN,CHN,-0.7535189599064844
US,PMESII-PT-Physical Environment ,SN,RUS,-0.7048133611679077
US,PMESII-PT-Physical Environment ,SN,USA,-2.005576253357523
US,PMESII-PT-Physical Environment ,TW,CHN,-2.0457271378099784
US,PMESII-PT-Physical Environment ,TW,RUS,-4.284608707978175
US,PMESII-PT-Physical Environment ,TW,USA,-1.222305634181243
US,PMESII-PT-Physical Environment ,VM,CHN,-3.568027150219395
US,PMESII-PT-Physical Environment ,VM,RUS,-0.563007339136675
US,PMESII-PT-Physical Environment ,VM,USA,-1.0872499461118428
US,PMESII-PT-Political,CH,CHN,-2.1344190841407804
US,PMESII-PT-Political,CH,RUS,-2.3792409692602714
US,PMESII-PT-Political,CH,USA,-2.1718993583981563
US,PMESII-PT-Political,ID,CHN,-1.4114141537187
US,PMESII-PT-Political,ID,RUS,-0.5845955577442201
US,PMESII-PT-Political,ID,USA,-2.885325597186164
US,PMESII-PT-Political,JA,CHN,-1.8702702181228128
US,PMESII-PT-Political,JA,RUS,-2.5926044690398835
US,PMESII-PT-Political,JA,USA,-1.2745353153398769
US,PMESII-PT-Political,MY,CHN,-1.3810313728242887
US,PMESII-PT-Political,MY,RUS,-2.877876984886825
US,PMESII-PT-Political,MY,USA,-1.8032554642980057
US,PMESII-PT-Political,RP,CHN,-3.4876429414037653
US,PMESII-PT-Political,RP,RUS,-1.859427487358768
US,PMESII-PT-Political,RP,USA,-2.119220870390146
US,PMESII-PT-Political,SN,CHN,-2.2203852679740868
US,PMESII-PT-Political,SN,RUS,-0.4805048452537568
US,PMESII-PT-Political,SN,USA,-1.2628858686490971
US,PMESII-PT-Political,TW,CHN,-1.7161746799376074
US,PMESII-PT-Political,TW,RUS,-2.4899073750201888
US,PMESII-PT-Political,TW,USA,-0.9882005827846351
US,PMESII-PT-Political,VM,CHN,-2.4592195088112794
US,PMESII-PT-Political,VM,RUS,-0.4462017231578852
US,PMESII-PT-Political,VM,USA,-1.634261350162818
US,PMESII-PT-Social ,CH,CHN,-1.9947046194518354
US,PMESII-PT-Social ,CH,RUS,-2.2702146754408816
US,PMESII-PT-Social ,CH,USA,-2.1982676576697036
US,PMESII-PT-Social ,ID,CHN,-1.1701360067754762
US,PMESII-PT-Social ,ID,RUS,-0.7157410719056627
US,PMESII-PT-Social ,ID,USA,-3.0642479198377486
US,PMESII-PT-Social ,JA,CHN,-1.8406766664605392
US,PMESII-PT-Social ,JA,RUS,-2.12791969081653
US,PMESII-PT-Social ,JA,USA,-1.0812759637341711
US,PMESII-PT-Social ,MY,CHN,-0.3024520285774109
US,PMESII-PT-Social ,MY,RUS,-3.19659654188313
US,PMESII-PT-Social ,MY,USA,-1.7632399663706524
US,PMESII-PT-Social ,RP,CHN,-3.999450922529532
US,PMESII-PT-Social ,RP,RUS,-2.044713986685147
US,PMESII-PT-Social ,RP,USA,-1.9057974499210608
US,PMESII-PT-Social ,SN,CHN,-1.3163829619129417
US,PMESII-PT-Social ,SN,RUS,-1.9994457872158073
US,PMESII-PT-Social ,SN,USA,-1.8250803736923078
US,PMESII-PT-Social ,TW,CHN,-1.9391589144290544
US,PMESII-PT-Social ,TW,RUS,-2.5437198766173528
US,PMESII-PT-Social ,TW,USA,-1.1668379397366564
US,PMESII-PT-Social ,VM,CHN,-2.0064966753248137
US,PMESII-PT-Social ,VM,RUS,-0.5674198676730685
US,PMESII-PT-Social ,VM,USA,-1.370159899948963
VM,PMESII-PT-Economic ,CH,CHN,2.0884802009537817
VM,PMESII-PT-Economic ,CH,RUS,2.232012517750263
VM,PMESII-PT-Economic ,CH,USA,0.26938939930833117
VM,PMESII-PT-Economic ,ID,CHN,2.368723759596998
VM,PMESII-PT-Economic ,ID,USA,0.7946316953058596
VM,PMESII-PT-Economic ,JA,CHN,1.1440415647294786
VM,PMESII-PT-Economic ,JA,RUS,2.0664607286453247
VM,PMESII-PT-Economic ,JA,USA,1.2799974090379218
VM,PMESII-PT-Economic ,MY,CHN,2.924928986467421
VM,PMESII-PT-Economic ,MY,RUS,3.256256341934204
VM,PMESII-PT-Economic ,MY,USA,2.0684377551078796
VM,PMESII-PT-Economic ,RP,CHN,-2.8847617715597154
VM,PMESII-PT-Economic ,SN,CHN,-0.8656874414947298
VM,PMESII-PT-Economic ,SN,USA,1.7980691524488586
VM,PMESII-PT-Economic ,TW,CHN,1.2374222427606583
VM,PMESII-PT-Economic ,TW,RUS,0.7921730279922485
VM,PMESII-PT-Economic ,TW,USA,2.789845831692219
VM,PMESII-PT-Economic ,VM,CHN,2.237830137452794
VM,PMESII-PT-Economic ,VM,RUS,2.814847954589388
VM,PMESII-PT-Economic ,VM,USA,2.5252632529993586
VM,PMESII-PT-Information ,CH,CHN,2.2373718685272967
VM,PMESII-PT-Information ,CH,RUS,-0.9071699678897858
VM,PMESII-PT-Information ,CH,USA,0.34032106399536133
VM,PMESII-PT-Information ,ID,CHN,2.6785714626312256
VM,PMESII-PT-Information ,ID,RUS,1.4150943756103516
VM,PMESII-PT-Information ,ID,USA,4.306220054626465
VM,PMESII-PT-Information ,JA,USA,1.7441860437393188
VM,PMESII-PT-Information ,MY,CHN,4.651162624359131
VM,PMESII-PT-Information ,MY,RUS,1.4952829480171204
VM,PMESII-PT-Information ,MY,USA,6.918239116668701
VM,PMESII-PT-Information ,SN,CHN,-2.8716668486595154
VM,PMESII-PT-Information ,SN,RUS,2.3255813121795654
VM,PMESII-PT-Information ,SN,USA,2.5886141061782837
VM,PMESII-PT-Information ,VM,CHN,3.276027478490557
VM,PMESII-PT-Information ,VM,RUS,1.9129962167053511
VM,PMESII-PT-Information ,VM,USA,3.23735225494997
VM,PMESII-PT-Infrastructure,CH,CHN,1.8041220777545157
VM,PMESII-PT-Infrastructure,CH,RUS,3.047855544090271
VM,PMESII-PT-Infrastructure,CH,USA,0.6759449682301946
VM,PMESII-PT-Infrastructure,ID,CHN,2.112149977684021
VM,PMESII-PT-Infrastructure,ID,RUS,1.4150943756103516
VM,PMESII-PT-Infrastructure,ID,USA,0.023185502541692632
VM,PMESII-PT-Infrastructure,JA,CHN,3.072617769241333
VM,PMESII-PT-Infrastructure,JA,USA,1.4270123375786676
VM,PMESII-PT-Infrastructure,MY,CHN,2.6193844079971313
VM,PMESII-PT-Infrastructure,MY,RUS,3.237365245819092
VM,PMESII-PT-Infrastructure,MY,USA,0.9356373250484467
VM,PMESII-PT-Infrastructure,RP,CHN,-5.486129999160767
VM,PMESII-PT-Infrastructure,RP,USA,1.2123422622680664
VM,PMESII-PT-Infrastructure,SN,CHN,-1.043129911646247
VM,PMESII-PT-Infrastructure,SN,RUS,2.3255813121795654
VM,PMESII-PT-Infrastructure,SN,USA,3.9495846793055533
VM,PMESII-PT-Infrastructure,TW,CHN,2.836117605368296
VM,PMESII-PT-Infrastructure,TW,RUS,-2.1978023052215576
VM,PMESII-PT-Infrastructure,TW,USA,1.4986394494771957
VM,PMESII-PT-Infrastructure,VM,CHN,2.106834738989549
VM,PMESII-PT-Infrastructure,VM,RUS,2.9770849285981593
VM,PMESII-PT-Infrastructure,VM,USA,2.4535229300547923
VM,PMESII-PT-Military ,CH,CHN,1.4634518589917311
VM,PMESII-PT-Military ,CH,RUS,-0.9432608485221863
VM,PMESII-PT-Military ,CH,USA,-0.5556845478713512
VM,PMESII-PT-Military ,ID,CHN,3.9918079376220703
VM,PMESII-PT-Military ,ID,RUS,3.7247886657714844
VM,PMESII-PT-Military ,ID,USA,0.6051860849062601
VM,PMESII-PT-Military ,JA,CHN,1.298701286315918
VM,PMESII-PT-Military ,JA,USA,1.047298640012741
VM,PMESII-PT-Military ,MY,CHN,1.0043611526489258
VM,PMESII-PT-Military ,MY,USA,1.4388489723205566
VM,PMESII-PT-Military ,RP,CHN,-5.039059519767761
VM,PMESII-PT-Military ,RP,RUS,-5.882352828979492
VM,PMESII-PT-Military ,RP,USA,1.6393442153930664
VM,PMESII-PT-Military ,SN,CHN,-1.510980635881424
VM,PMESII-PT-Military ,SN,RUS,-1.763668417930603
VM,PMESII-PT-Military ,SN,USA,-0.9709825396537781
VM,PMESII-PT-Military ,TW,CHN,-0.8761941194534302
VM,PMESII-PT-Military ,TW,RUS,-2.1978023052215576
VM,PMESII-PT-Military ,TW,USA,1.948051929473877
VM,PMESII-PT-Military ,VM,CHN,1.692574226536921
VM,PMESII-PT-Military ,VM,RUS,2.3116962389420657
VM,PMESII-PT-Military ,VM,USA,1.757011743278607
VM,PMESII-PT-Not Assigned,CH,CHN,2.1557463056679014
VM,PMESII-PT-Not Assigned,CH,USA,2.1379011472066245
VM,PMESII-PT-Not Assigned,ID,USA,-0.019749879837036133
VM,PMESII-PT-Not Assigned,JA,USA,0.4384949207305908
VM,PMESII-PT-Not Assigned,MY,RUS,-3.6931817531585693
VM,PMESII-PT-Not Assigned,RP,RUS,-5.882352828979492
VM,PMESII-PT-Not Assigned,RP,USA,-4.721030235290527
VM,PMESII-PT-Not Assigned,SN,CHN,-3.9059954484303794
VM,PMESII-PT-Not Assigned,SN,USA,0.5376344323158264
VM,PMESII-PT-Not Assigned,VM,CHN,2.525128040848107
VM,PMESII-PT-Not Assigned,VM,RUS,2.1995813090067644
VM,PMESII-PT-Not Assigned,VM,USA,2.4020193290142786
VM,PMESII-PT-Physical Environment ,CH,CHN,1.9394137664728928
VM,PMESII-PT-Physical Environment ,CH,USA,1.5624866044079815
VM,PMESII-PT-Physical Environment ,ID,CHN,2.092050313949585
VM,PMESII-PT-Physical Environment ,ID,RUS,0.7075471878051758
VM,PMESII-PT-Physical Environment ,ID,USA,-0.27611906453967094
VM,PMESII-PT-Physical Environment ,JA,CHN,2.5729616284370422
VM,PMESII-PT-Physical Environment ,JA,RUS,-0.8810572624206543
VM,PMESII-PT-Physical Environment ,JA,USA,1.1272720659480375
VM,PMESII-PT-Physical Environment ,MY,CHN,0.14696611960728964
VM,PMESII-PT-Physical Environment ,MY,USA,2.0022729635238647
VM,PMESII-PT-Physical Environment ,RP,CHN,-3.976704796155294
VM,PMESII-PT-Physical Environment ,RP,RUS,-5.882352828979492
VM,PMESII-PT-Physical Environment ,RP,USA,-0.7654485702514648
VM,PMESII-PT-Physical Environment ,SN,CHN,-0.6863482557237148
VM,PMESII-PT-Physical Environment ,SN,USA,2.0237236519654593
VM,PMESII-PT-Physical Environment ,TW,CHN,-2.1978023052215576
VM,PMESII-PT-Physical Environment ,TW,RUS,-2.1978023052215576
VM,PMESII-PT-Physical Environment ,TW,USA,0.8923266157507896
VM,PMESII-PT-Physical Environment ,VM,CHN,1.986946442349237
VM,PMESII-PT-Physical Environment ,VM,RUS,2.890803999477817
VM,PMESII-PT-Physical Environment ,VM,USA,2.512666388651025
VM,PMESII-PT-Political,CH,CHN,2.626301137611968
VM,PMESII-PT-Political,CH,RUS,1.7876521199941635
VM,PMESII-PT-Political,CH,USA,0.8609555690334394
VM,PMESII-PT-Political,ID,CHN,2.5489253169960446
VM,PMESII-PT-Political,ID,RUS,3.0172414779663086
VM,PMESII-PT-Political,ID,USA,0.23274818710658862
VM,PMESII-PT-Political,JA,CHN,1.5695736507574718
VM,PMESII-PT-Political,JA,RUS,1.889998972415924
VM,PMESII-PT-Political,JA,USA,1.168589322463326
VM,PMESII-PT-Political,MY,CHN,2.7752488235894
VM,PMESII-PT-Political,MY,RUS,2.082274079322815
VM,PMESII-PT-Political,MY,USA,2.4117870330810547
VM,PMESII-PT-Political,RP,CHN,-6.297684033711751
VM,PMESII-PT-Political,RP,RUS,-5.882352828979492
VM,PMESII-PT-Political,RP,USA,0.31557345390319824
VM,PMESII-PT-Political,SN,CHN,-1.1195357218384743
VM,PMESII-PT-Political,SN,RUS,0.9624980688095093
VM,PMESII-PT-Political,SN,USA,2.868350328207016
VM,PMESII-PT-Political,TW,CHN,0.6601212695240974
VM,PMESII-PT-Political,TW,USA,1.1684159517288208
VM,PMESII-PT-Political,VM,CHN,2.9223733203030466
VM,PMESII-PT-Political,VM,RUS,3.249445993571638
VM,PMESII-PT-Political,VM,USA,2.695430306074447
VM,PMESII-PT-Social ,CH,CHN,2.504983034062096
VM,PMESII-PT-Social ,CH,RUS,1.1914901614189148
VM,PMESII-PT-Social ,CH,USA,0.6275175572931766
VM,PMESII-PT-Social ,ID,CHN,1.9573633681844782
VM,PMESII-PT-Social ,ID,RUS,6.034482955932617
VM,PMESII-PT-Social ,ID,USA,0.9682700416216483
VM,PMESII-PT-Social ,JA,CHN,2.223384670416514
VM,PMESII-PT-Social ,JA,RUS,1.6169476509094238
VM,PMESII-PT-Social ,JA,USA,1.3093787782332476
VM,PMESII-PT-Social ,MY,CHN,2.1948511013761163
VM,PMESII-PT-Social ,MY,RUS,1.852791965007782
VM,PMESII-PT-Social ,MY,USA,2.89286607503891
VM,PMESII-PT-Social ,RP,CHN,-3.374015217026075
VM,PMESII-PT-Social ,RP,RUS,-5.882352828979492
VM,PMESII-PT-Social ,RP,USA,0.2524686813354492
VM,PMESII-PT-Social ,SN,CHN,-0.652862540062736
VM,PMESII-PT-Social ,SN,RUS,0.9624980688095093
VM,PMESII-PT-Social ,SN,USA,2.2697653289545667
VM,PMESII-PT-Social ,TW,CHN,1.0417462229728698
VM,PMESII-PT-Social ,TW,RUS,0.7921730279922485
VM,PMESII-PT-Social ,TW,USA,2.434231501072645
VM,PMESII-PT-Social ,VM,CHN,2.7198510622215823
VM,PMESII-PT-Social ,VM,RUS,3.2983896622574456
VM,PMESII-PT-Social ,VM,USA,2.419710250370852
